acc_x, acc_y, angular_z, stamp, 
0.20135003328323364, 0.07219898700714111, 0.011058016222110986, 1707433162065949436, 
0.7613853812217712, 0.08317500352859497, 0.03338832529475445, 1707433162073683137, 
1.626536250114441, 0.04678475856781006, 0.02201063901747551, 1707433162083954606, 
1.9442673921585083, 0.13129538297653198, 0.012795054128716073, 1707433162093750774, 
1.3474183082580566, 0.23069500923156738, 0.02321506396649036, 1707433162103757939, 
0.6888630986213684, 0.09219616651535034, 0.0457474608443041, 1707433162114185013, 
0.9977103471755981, -0.08215266466140747, 0.05893981977573717, 1707433162123807625, 
1.5566201210021973, -0.33869755268096924, 0.04012473714095504, 1707433162133826275, 
1.6020750999450684, -0.40509843826293945, 0.021945680210171858, 1707433162145596840, 
1.0276026725769043, -0.23466265201568604, 0.029097746637488296, 1707433162154647807, 
0.41203856468200684, -0.007674276828765869, 0.02550323530185724, 1707433162164525930, 
0.3077811598777771, -0.004002392292022705, 0.019483343742939908, 1707433162173872718, 
0.18297678232192993, 0.01750028133392334, 0.009558797301321318, 1707433162184523766, 
0.17651981115341187, 0.009118616580963135, 0.03628338639316868, 1707433162274591629, 
-0.7394759654998779, 0.22424739599227905, 0.017901120013758414, 1707433162305972419, 
-0.43510591983795166, 0.5045917630195618, -0.009558115248867025, 1707433162314577532, 
-0.2891395688056946, 0.2539650797843933, -0.020470228216029302, 1707433162324634471, 
0.26727133989334106, -0.20920628309249878, -0.02899314342982684, 1707433162336636541, 
0.1521894931793213, -0.551015317440033, -0.07180380173746229, 1707433162354656915, 
-0.2224135398864746, -0.3735806345939636, -0.08489471373420616, 1707433162364616218, 
0.05851930379867554, -0.278916597366333, -0.08455999825462428, 1707433162374645202, 
0.458953857421875, -0.18473708629608154, -0.06645775638099335, 1707433162386066697, 
0.36860930919647217, 0.02987051010131836, -0.07269229209059844, 1707433162394988292, 
0.3723819851875305, 0.2527066469192505, -0.0520151721515883, 1707433162404806826, 
0.15138930082321167, 0.49975699186325073, -0.04281643379059824, 1707433162424963587, 
-0.22029662132263184, 0.3117296099662781, -0.04077471903136613, 1707433162434685818, 
-0.2531570792198181, 0.22108876705169678, -0.03558980682952513, 1707433162444773832, 
0.07954651117324829, 0.07689779996871948, -0.026011962271186715, 1707433162454691225, 
0.022672653198242188, -0.2079843282699585, -0.007528071705201039, 1707433162465626456, 
-0.2791135311126709, -0.3553927540779114, 0.006190344260993577, 1707433162474642591, 
-0.19085925817489624, -0.4307589530944824, 0.013229304755890941, 1707433162484897044, 
-0.08788728713989258, -0.30717921257019043, 0.012713628779798624, 1707433162497222820, 
-0.09828537702560425, -0.0836336612701416, 0.01915870511765242, 1707433162504837543, 
-0.03646880388259888, 0.034217655658721924, 0.007728611429934797, 1707433162514711705, 
0.2664940357208252, 0.21620309352874756, -0.005748146764109648, 1707433162524655332, 
0.22464317083358765, 0.27815020084381104, -0.013075540127684443, 1707433162534664713, 
-0.013778448104858398, 0.21928638219833374, -0.017775626952945024, 1707433162545606538, 
0.09663748741149902, 0.26861512660980225, -0.025388493349173164, 1707433162554710479, 
0.11422455310821533, 0.1687241792678833, -0.016311250776650146, 1707433162564967788, 
0.018157124519348145, 0.06279218196868896, -0.007165494030641024, 1707433162577205636, 
-0.15644019842147827, -0.2725036144256592, -0.0017676771581222601, 1707433162584702905, 
-0.07096272706985474, -0.4014240503311157, 0.006117981752423163, 1707433162594722629, 
-0.03297686576843262, -0.25583016872406006, 0.016686051862667778, 1707433162604758396, 
-0.10480928421020508, -0.19328796863555908, 0.02513185220363847, 1707433162614795008, 
-0.04724520444869995, -0.11955487728118896, 0.01951673380054184, 1707433162626329808, 
-0.12856388092041016, 0.056990087032318115, 0.017778753717168694, 1707433162635133517, 
-0.0769760012626648, 0.257286012172699, 0.008417795682039536, 1707433162644852631, 
-0.14201271533966064, 0.4404391050338745, 0.0005908641184433831, 1707433162658017091, 
0.042919933795928955, 0.3696552515029907, -0.00661219242772203, 1707433162664833951, 
0.27620750665664673, 0.20175397396087646, -0.004465368223497323, 1707433162674877693, 
0.16225171089172363, -0.05565798282623291, -0.0018355807029450302, 1707433162684833331, 
0.09141695499420166, -0.33329176902770996, -0.002348364529160199, 1707433162694876308, 
0.005071520805358887, -0.46170079708099365, -0.0011870828683641526, 1707433162705870746, 
-0.16731727123260498, -0.4312366247177124, -0.00032033489599000005, 1707433162714918380, 
-0.19818341732025146, -0.24719887971878052, -0.0014152344272185746, 1707433162724878212, 
0.17419344186782837, 0.07041645050048828, -0.0010844982834956045, 1707433162738014352, 
0.17419344186782837, 0.07041645050048828, -0.001304066347122858, 1707433162744924549, 
-0.15979284048080444, 0.2817755341529846, -0.0008524504084961072, 1707433162754940339, 
-0.08102893829345703, 0.38434654474258423, -0.007049220955426389, 1707433162765162963, 
0.09737199544906616, 0.34154635667800903, -0.015976176779211024, 1707433162774970624, 
-0.07767117023468018, 0.3190598487854004, -0.015542100500625523, 1707433162786074068, 
-0.17449951171875, 0.13560926914215088, -0.016976035113876162, 1707433162794980042, 
0.15333110094070435, -0.1861538290977478, -0.009819642135383352, 1707433162804960942, 
0.33395880460739136, -0.3256937861442566, 0.0010225776383547477, 1707433162818184095, 
0.037364661693573, -0.3867247700691223, 0.014124917263815933, 1707433162825113123, 
-0.06687062978744507, -0.3569561243057251, 0.014725740298370706, 1707433162835368567, 
0.15108489990234375, -0.19690340757369995, 0.020108244032069074, 1707433162845236489, 
-0.008660733699798584, 0.009984016418457031, 0.020393395855072795, 1707433162855231487, 
0.028817951679229736, 0.3627347946166992, 0.014000045807432583, 1707433162865617579, 
0.05385279655456543, 0.37292855978012085, 0.007423575227739237, 1707433162875231590, 
-0.08761543035507202, 0.25465166568756104, 0.002376860115194836, 1707433162885293976, 
0.11307662725448608, -0.13924503326416016, -0.006695964081939128, 1707433162905077563, 
-0.055785536766052246, -0.34642159938812256, -0.010519339259844076, 1707433162914393345, 
-0.20815610885620117, -0.35887640714645386, -0.008643811745987356, 1707433162925164150, 
-0.13058263063430786, -0.236838698387146, -0.006700847404227122, 1707433162935169888, 
0.013253390789031982, -0.09123319387435913, 0.0006645301763736225, 1707433162946027484, 
-0.09479498863220215, 0.02089005708694458, 0.017151922225644784, 1707433162955118360, 
-0.12594187259674072, 0.1956126093864441, 0.028924260105467836, 1707433162965110272, 
0.007945775985717773, 0.3021652102470398, 0.023890000187938076, 1707433162977670061, 
-0.0037012696266174316, 0.3046916723251343, 0.030390053227343644, 1707433162985271441, 
-0.011273682117462158, 0.2265615463256836, 0.014802208620559722, 1707433162995147993, 
0.05268597602844238, -0.060648441314697266, -0.0013314201459267727, 1707433163005147891, 
0.18164515495300293, -0.27879440784454346, -0.020359570411606673, 1707433163015188572, 
-0.08085238933563232, -0.24654531478881836, -0.0335082879331971, 1707433163025568349, 
-0.23285609483718872, -0.22816061973571777, -0.04376962532119682, 1707433163035222377, 
0.025207221508026123, -0.14398306608200073, -0.03906633717941308, 1707433163045231374, 
0.1636459231376648, -0.021061718463897705, -0.02182967918098055, 1707433163057625575, 
0.1467311978340149, 0.12440460920333862, -0.017091068985317894, 1707433163065259624, 
0.29259634017944336, 0.2123144268989563, -0.00244562593853363, 1707433163075292667, 
0.1475887894630432, 0.24980121850967407, 0.003418475194542558, 1707433163085325053, 
-0.14103198051452637, 0.26405662298202515, 0.007204106283607624, 1707433163095302196, 
-0.25938481092453003, 0.23550009727478027, 0.00901806532237764, 1707433163105657833, 
-0.010639488697052002, 0.03637957572937012, 0.006913926355749329, 1707433163115349858, 
0.08625233173370361, -0.21576839685440063, 0.00032051543609772055, 1707433163125300598, 
-0.09876406192779541, -0.3326345682144165, -0.004366495489708768, 1707433163137977333, 
-0.1278318166732788, -0.24490749835968018, -0.014015948130808068, 1707433163145315098, 
0.0219077467918396, -0.11273771524429321, -0.017309910066463863, 1707433163154370833, 
0.008743822574615479, -0.08559882640838623, -0.016133897624120888, 1707433163164445856, 
-0.20011824369430542, -0.03398936986923218, -0.009035513577315284, 1707433163175418015, 
-0.01640373468399048, 0.15033042430877686, -0.0031348216103854686, 1707433163184988575, 
0.2591109275817871, 0.27354276180267334, 0.002476765659022599, 1707433163194399356, 
0.0480157732963562, 0.2602173089981079, 0.007259083008036804, 1707433163205687594, 
0.02087634801864624, 0.14616364240646362, 0.012229592688154352, 1707433163217624554, 
0.16925334930419922, 0.10808545351028442, 0.025537568897244487, 1707433163225436972, 
0.11303859949111938, 0.00938558578491211, 0.02143768615225378, 1707433163235505212, 
-0.14907968044281006, -0.20028012990951538, 0.01776151817896995, 1707433163245565733, 
-0.07998353242874146, -0.27829331159591675, 0.0065930063731577575, 1707433163255698499, 
0.1688212752342224, -0.21995729207992554, -0.005420017071846746, 1707433163265982438, 
-0.05643433332443237, -0.030764460563659668, -0.010859565389602031, 1707433163275543443, 
-0.21044188737869263, 0.021149933338165283, -0.008750629578569858, 1707433163285630351, 
-0.030636072158813477, 0.10847604274749756, -0.0024244741125050567, 1707433163297988802, 
0.07142037153244019, 0.16145199537277222, 0.002383423846162933, 1707433163305600676, 
-0.020680665969848633, 0.18774473667144775, 0.008188089721015859, 1707433163315648411, 
-0.06285673379898071, 0.24673128128051758, 0.017217828833662355, 1707433163325683559, 
0.13499587774276733, 0.18696963787078857, 0.020448575609430825, 1707433163335693499, 
0.16361171007156372, -0.030739426612854004, 0.022034950298803653, 1707433163345716194, 
0.032441020011901855, -0.21334922313690186, 0.02063014372004337, 1707433163355661470, 
0.09417742490768433, -0.27710360288619995, 0.009846574700411904, 1707433163365711268, 
0.01309061050415039, -0.22396183013916016, -0.000611889400442786, 1707433163377908073, 
-0.2875688076019287, -0.08513224124908447, -0.009843027026237369, 1707433163385724536, 
-0.2729979157447815, 0.013765096664428711, -0.012994562778977467, 1707433163395778428, 
0.06490153074264526, 0.1016077995300293, -0.014649828895958056, 1707433163405804918, 
0.0319482684135437, 0.2051631212234497, -0.012540303815612122, 1707433163415831721, 
0.011065304279327393, 0.2441188097000122, -0.009319526106335746, 1707433163425883286, 
0.20164108276367188, 0.1879591941833496, -0.007869572024557521, 1707433163435855543, 
0.09779137372970581, 0.1521763801574707, -0.005141861708819079, 1707433163445860725, 
-0.14371371269226074, 0.007020413875579834, -0.003323111789016811, 1707433163458080438, 
-0.19614648818969727, -0.15027236938476562, -0.009283369554384833, 1707433163465910328, 
0.15076225996017456, -0.21783483028411865, -0.008855225900178674, 1707433163475951517, 
0.2525128722190857, -0.28585320711135864, -0.005630348327055787, 1707433163486103114, 
-0.021105587482452393, -0.228052020072937, -0.0009456105453707141, 1707433163496080578, 
-0.0011157393455505371, -0.08512741327285767, 0.003299576654024395, 1707433163506048340, 
-0.1159367561340332, 0.07755696773529053, 0.00916617570195512, 1707433163516004701, 
-0.18563884496688843, 0.19492053985595703, 0.012340526535849394, 1707433163525989469, 
-0.05439496040344238, 0.2692728042602539, 0.007837662669121004, 1707433163537634899, 
0.15833908319473267, 0.2560564875602722, 0.005816017785276315, 1707433163546027454, 
0.1732562780380249, 0.19801849126815796, 0.003315742368791905, 1707433163556026813, 
-0.10429257154464722, 0.10487920045852661, 0.00395092425089007, 1707433163568556313, 
-0.02783864736557007, -0.06669408082962036, 0.006629920559391169, 1707433163576105435, 
0.06240999698638916, -0.2001715898513794, -0.0002833992327755829, 1707433163586513295, 
-0.20390790700912476, -0.2979245185852051, -0.006368248531621478, 1707433163596228016, 
-0.19918090105056763, -0.2397748827934265, -0.008958158965356691, 1707433163606160672, 
0.1983780860900879, -0.1212695837020874, -0.004980407273177263, 1707433163617669517, 
0.31810206174850464, -0.005085587501525879, 0.00576040882003751, 1707433163626147307, 
-0.007006943225860596, 0.14322131872177124, 0.01654062433647668, 1707433163636172987, 
0.1306125521659851, 0.28352969884872437, 0.019425877925945495, 1707433163656278639, 
0.012680530548095703, 0.27256327867507935, 0.020313109555437157, 1707433163666302186, 
-0.044419288635253906, 0.18454402685165405, 0.018958787740618887, 1707433163676213027, 
0.05185592174530029, -0.005366086959838867, 0.013984642207624841, 1707433163686263997, 
-0.06949615478515625, -0.17902016639709473, 0.006696369299189048, 1707433163697657829, 
-0.2656405568122864, -0.3148742914199829, 0.004546550055048792, 1707433163706235182, 
-0.11107289791107178, -0.3090590238571167, 0.0038598949022533094, 1707433163716286013, 
0.11540478467941284, -0.18359589576721191, 0.0072773032100191025, 1707433163728868657, 
-0.11463111639022827, -0.0570836067199707, 0.020811337003346395, 1707433163736318252, 
-0.03871583938598633, 0.04903227090835571, 0.016388903650392406, 1707433163746424704, 
0.17960333824157715, 0.1464623212814331, 0.015100082323783804, 1707433163756318981, 
0.11446237564086914, 0.23347359895706177, 0.011763934931341284, 1707433163766337179, 
-0.09729695320129395, 0.32629501819610596, 0.008330810493899945, 1707433163777970623, 
-0.01284801959991455, 0.2709064483642578, 0.011676429227055855, 1707433163785396106, 
0.11822259426116943, 0.03844386339187622, 0.005932376588857654, 1707433163796498851, 
-0.06924283504486084, -0.16671210527420044, 0.00017909553846582186, 1707433163808840933, 
-0.17345929145812988, -0.26570945978164673, -0.013600813719470837, 1707433163816498325, 
0.22935545444488525, -0.22997534275054932, -0.019987630985786556, 1707433163826777724, 
-0.06672072410583496, -0.13636994361877441, -0.02811479875461809, 1707433163836760165, 
-0.1676461100578308, 0.043649911880493164, -0.02761896400439097, 1707433163846543930, 
0.03847062587738037, 0.22653436660766602, -0.018599987380780055, 1707433163857933703, 
0.012785732746124268, 0.3029046058654785, -0.01657742433881002, 1707433163866560712, 
0.12050777673721313, 0.2988097071647644, -0.004190998022291232, 1707433163876516547, 
0.2008599042892456, 0.14781463146209717, 0.004328413939526489, 1707433163889077073, 
-0.024019718170166016, 0.057800352573394775, 0.018410323792079974, 1707433163896667952, 
-0.30469202995300293, -0.07854515314102173, 0.020561345039859045, 1707433163906586970, 
-0.2696090340614319, -0.25064414739608765, 0.021871347375252346, 1707433163916643213, 
0.06696176528930664, -0.3474304676055908, 0.017338454093467345, 1707433163926549720, 
0.21274733543395996, -0.21778267621994019, 0.00875812513750954, 1707433163937633202, 
0.048054516315460205, -0.04927182197570801, 0.005436857203271045, 1707433163946614001, 
0.07437634468078613, 0.08267855644226074, 0.006416918090011171, 1707433163956682345, 
0.03684055805206299, 0.1465715765953064, 0.005776357461691513, 1707433163969727142, 
-0.12288886308670044, 0.20863556861877441, 0.009294697990797978, 1707433163976698723, 
-0.14125460386276245, 0.30481547117233276, 0.005417279449104535, 1707433163986705081, 
0.14126968383789062, 0.23808693885803223, 0.00328012344469988, 1707433163996785603, 
0.10482829809188843, 0.06375467777252197, 0.004393099447262558, 1707433164006776614, 
-0.08947920799255371, -0.14818733930587769, 0.010672279871605, 1707433164017876823, 
-0.04933297634124756, -0.28122204542160034, 0.026579427399913647, 1707433164026744021, 
-0.04777979850769043, -0.3242773413658142, 0.02534903822331415, 1707433164037088521, 
0.02027374505996704, -0.08541852235794067, 0.013582322849772172, 1707433164056864288, 
0.18430501222610474, 0.03995370864868164, -0.000974192702771511, 1707433164066844649, 
0.20591813325881958, 0.21717602014541626, -0.0062511721549233824, 1707433164076915014, 
-0.14711368083953857, 0.3011573553085327, -0.012775874587980717, 1707433164086838554, 
-0.09641003608703613, 0.27372533082962036, -0.014894902959761036, 1707433164098208546, 
0.1672346591949463, 0.22001057863235474, -0.02132013340578797, 1707433164106884233, 
0.0938158631324768, 0.11976432800292969, -0.01675886151915762, 1707433164116950856, 
-0.00806969404220581, -0.14561235904693604, -0.008246778102016529, 1707433164129651466, 
-0.02101832628250122, -0.36954420804977417, -0.00855545454091331, 1707433164136926844, 
-0.05548042058944702, -0.4360165596008301, -0.00518340545552434, 1707433164146942502, 
-0.12500137090682983, -0.40933459997177124, -0.0014741028693955574, 1707433164157020669, 
-0.00023025274276733398, -0.1689102053642273, 0.0006246864724424906, 1707433164166948494, 
0.18820995092391968, 0.02945101261138916, 5.392226692477171e-05, 1707433164177735689, 
0.027538776397705078, 0.23479104042053223, 0.001216281858620337, 1707433164187014038, 
-0.17819559574127197, 0.3795665502548218, -0.002513327090460741, 1707433164197224213, 
-0.16678857803344727, 0.4548620581626892, -0.007163842859581164, 1707433164209682894, 
0.014024138450622559, 0.4050047993659973, -0.023623314626224325, 1707433164217052979, 
0.023708999156951904, 0.1781449317932129, -0.024665479389157325, 1707433164227337307, 
0.1800345778465271, -0.08971971273422241, -0.027453187886876246, 1707433164237151142, 
0.15617454051971436, -0.3486062288284302, -0.027145495545423864, 1707433164247067297, 
-0.13827818632125854, -0.4853824973106384, -0.02334848186131894, 1707433164257704171, 
-0.2079678773880005, -0.5508174896240234, -0.02353310467611631, 1707433164267116427, 
-0.16681736707687378, -0.35076409578323364, -0.021050988928838166, 1707433164277417969, 
0.12771302461624146, -0.004535198211669922, -0.016822422973777732, 1707433164290015379, 
0.18604224920272827, 0.21902614831924438, -0.022237919859790834, 1707433164297165246, 
0.015777587890625, 0.3497663736343384, -0.009662229197677603, 1707433164306441213, 
0.036395370960235596, 0.40142226219177246, -0.007267237447902518, 1707433164317243134, 
-0.17469698190689087, 0.46170204877853394, -0.008903305643360778, 1707433164327189624, 
-0.25013840198516846, 0.3816773295402527, -0.011008038196838137, 1707433164337639202, 
-0.14806914329528809, 0.08810466527938843, -0.012032598541180564, 1707433164347213664, 
0.10027843713760376, -0.29855096340179443, -0.0019220896126089465, 1707433164357289751, 
-0.003818333148956299, -0.48317790031433105, 0.008500623039847393, 1707433164370019026, 
-0.20869863033294678, -0.5313259959220886, 0.026625994503499284, 1707433164377269249, 
0.0874490737915039, -0.36684179306030273, 0.023373958565785637, 1707433164387335110, 
0.13593846559524536, -0.17278707027435303, 0.029869082526611197, 1707433164396438832, 
-0.07014769315719604, 0.015597045421600342, 0.025702468598967874, 1707433164407424372, 
-0.06764388084411621, 0.19373512268066406, 0.021899331460527204, 1707433164417404723, 
0.2640305161476135, 0.3863106966018677, 0.009131375606258766, 1707433164427359869, 
0.35361331701278687, 0.44488388299942017, 0.0006707293117554256, 1707433164436466840, 
-0.042077064514160156, 0.22228515148162842, 0.0013011780202436547, 1707433164449699697, 
-0.042077064514160156, 0.22228515148162842, 0.011144438305319762, 1707433164456517545, 
-0.01873999834060669, -0.0019975900650024414, 0.013729836988975322, 1707433164466708085, 
-0.1846674680709839, -0.34838950634002686, 0.016302752653087452, 1707433164477573075, 
-0.10689949989318848, -0.5151903033256531, 0.016776006249279014, 1707433164487494628, 
0.16729700565338135, -0.4466974139213562, 0.012093420732673733, 1707433164497730226, 
0.09346336126327515, -0.24424922466278076, 0.010370862250436272, 1707433164507575302, 
-0.15209227800369263, -0.04041379690170288, 0.013340345353338848, 1707433164517608398, 
-0.04920738935470581, 0.13990485668182373, 0.013839108773932088, 1707433164529965757, 
-0.031082749366760254, 0.30223482847213745, 0.01753747609708232, 1707433164537586048, 
-0.05850672721862793, 0.41296833753585815, 0.0032666079689845475, 1707433164547604069, 
-0.03682565689086914, 0.364208459854126, -0.009414568306147396, 1707433164557658660, 
0.007338762283325195, 0.18158280849456787, -0.021037239784589178, 1707433164567709700, 
-0.04954797029495239, -0.022412896156311035, -0.02371929182083381, 1707433164577735045, 
-0.3125714063644409, -0.26080018281936646, -0.0181438794920227, 1707433164587623583, 
-0.1384265422821045, -0.4239574670791626, -0.009926343652262928, 1707433164597682296, 
0.2428714632987976, -0.4153144359588623, -0.0007792672680680331, 1707433164610070615, 
0.17136144638061523, -0.32996147871017456, 0.007642950907729263, 1707433164617810710, 
0.11676430702209473, -0.17149227857589722, 0.010221140971522446, 1707433164627750959, 
0.07463288307189941, 0.06457638740539551, 0.010617047088195242, 1707433164637823964, 
0.08252465724945068, 0.27481234073638916, 0.0011101489729377636, 1707433164647758526, 
0.006047666072845459, 0.3596767783164978, -0.011611099970465517, 1707433164657796418, 
-0.034539639949798584, 0.3780363202095032, -0.020724440604454133, 1707433164667757997, 
0.08267414569854736, 0.3048117756843567, -0.023580414023436573, 1707433164677855506, 
-0.03119480609893799, 0.1708785891532898, -0.017734288669262972, 1707433164689776246, 
0.060176968574523926, -0.1012411117553711, -0.02027990184730016, 1707433164697829439, 
0.10588109493255615, -0.366365909576416, -0.008348433537718346, 1707433164707834068, 
-0.11720556020736694, -0.4881383776664734, -0.00037599779758968433, 1707433164717917615, 
-0.22436201572418213, -0.3861725330352783, 0.004378719996519679, 1707433164727895343, 
-0.15662992000579834, -0.1392330527305603, 0.008947557547188517, 1707433164738082868, 
0.037792205810546875, 0.008606195449829102, 0.013034674939243419, 1707433164747925224, 
-0.008457422256469727, 0.15856009721755981, 0.01242895236348642, 1707433164758253803, 
-0.03203535079956055, 0.3303588032722473, 0.008427751287324122, 1707433164769733379, 
0.142595112323761, 0.3914560079574585, 0.004669595235514875, 1707433164778014378, 
0.08468508720397949, 0.36689478158950806, -0.0003527730090136784, 1707433164788329294, 
-0.12070953845977783, -0.031244933605194092, -0.0019512944905512911, 1707433164798318379, 
-0.04222095012664795, -0.2689867615699768, 0.00020515270041258736, 1707433164808115667, 
-0.03639930486679077, -0.4062744975090027, 0.005005921385722823, 1707433164818083541, 
-0.028038203716278076, -0.39276885986328125, 0.009724358771119069, 1707433164828118869, 
0.2009992003440857, -0.24896031618118286, 0.015177505906245498, 1707433164838054607, 
0.010830163955688477, -0.05911606550216675, 0.018292430446334298, 1707433164849740045, 
-0.18648594617843628, 0.15724527835845947, 0.030840515468078117, 1707433164858050637, 
-0.08911079168319702, 0.3145137429237366, 0.02557170457985932, 1707433164868067329, 
0.12158483266830444, 0.3711145520210266, 0.018553301010008145, 1707433164878143506, 
0.22402667999267578, 0.3368622660636902, 0.004919775381195207, 1707433164888115937, 
0.07377177476882935, 0.26030129194259644, -0.007805086541552044, 1707433164898129808, 
-0.03962641954421997, 0.011672139167785645, -0.014639093783952948, 1707433164908178107, 
-0.049305498600006104, -0.2167341113090515, -0.011986255519131673, 1707433164918201946, 
-0.16634845733642578, -0.461605429649353, -0.007886196619201776, 1707433164930075712, 
-0.10403168201446533, -0.5200016498565674, -0.011564084699098713, 1707433164938209642, 
0.18812227249145508, -0.28070175647735596, -0.0044640257815940524, 1707433164947464583, 
0.17962175607681274, -0.13405883312225342, -0.0028908313298270844, 1707433164958241582, 
0.014074444770812988, 0.057103097438812256, -0.005763361191137596, 1707433164968294424, 
-0.02102506160736084, 0.2718650698661804, -0.009553745787163778, 1707433164978263710, 
0.09078395366668701, 0.38411176204681396, -0.01267574083249406, 1707433164988284805, 
-0.04058796167373657, 0.46320974826812744, -0.011892884462288452, 1707433164998474388, 
-0.14910072088241577, 0.31262266635894775, -0.011099699769748055, 1707433165009850485, 
-0.04311889410018921, 0.031368136405944824, -0.011790165618336998, 1707433165018284174, 
-0.0009769201278686523, -0.17529374361038208, -0.006202092585264365, 1707433165027366869, 
-0.11842978000640869, -0.3660016655921936, -0.005640789368893997, 1707433165037380302, 
0.040822386741638184, -0.4258385896682739, -0.00458543373168662, 1707433165047410489, 
0.13883745670318604, -0.28689777851104736, -0.0009092051385051059, 1707433165057386047, 
-0.028536200523376465, -0.27680373191833496, 0.0022182522002159705, 1707433165067377890, 
-0.03420144319534302, -0.04459691047668457, 0.003417196851721939, 1707433165078462241, 
0.18297570943832397, 0.3303280472755432, -0.003146372991907294, 1707433165098457412, 
0.09401512145996094, 0.41398781538009644, -0.0030286409283707028, 1707433165108781483, 
0.047994256019592285, 0.34013885259628296, 0.0010470624708966837, 1707433165119836416, 
0.2955288887023926, 0.23407810926437378, 0.00782948541721194, 1707433165127493796, 
0.054849207401275635, 0.02490133047103882, 0.01026983702429575, 1707433165137507431, 
-0.10290706157684326, -0.31744569540023804, 0.012473687972921234, 1707433165147471315, 
-0.06694382429122925, -0.4442761540412903, 0.011237732915990917, 1707433165158530351, 
-0.12954145669937134, -0.4006239175796509, 0.010810036095474772, 1707433165170004059, 
-0.16376298666000366, -0.27911239862442017, 0.02067276343366914, 1707433165178550931, 
-0.2756849527359009, -0.05049484968185425, 0.028006477657134543, 1707433165188642072, 
-0.12177342176437378, 0.06420260667800903, 0.03113751934918699, 1707433165200958210, 
-0.014586031436920166, 0.23998278379440308, 0.059620335467963234, 1707433165208640095, 
-0.0838247537612915, 0.4075331687927246, 0.0468354190588125, 1707433165218656063, 
0.009742558002471924, 0.4103355407714844, 0.04168717242741615, 1707433165228635829, 
0.13644886016845703, 0.33987462520599365, 0.030701541979814725, 1707433165238726845, 
-0.009819328784942627, 0.012021541595458984, 0.01558133296669741, 1707433165250105995, 
-0.03614675998687744, -0.31335777044296265, 0.00647039679308251, 1707433165258683042, 
-0.010102570056915283, -0.42449772357940674, -0.011171694945755135, 1707433165268943172, 
-0.1455385684967041, -0.5175724625587463, -0.025921801681396392, 1707433165281589486, 
-0.13656240701675415, -0.42620664834976196, -0.07143410349097973, 1707433165288722432, 
0.26205986738204956, -0.21773964166641235, -0.05559996670188148, 1707433165298856150, 
0.4798968434333801, 0.031347692012786865, -0.0467161679432331, 1707433165308756858, 
0.12183427810668945, 0.23026233911514282, -0.030177541603766164, 1707433165318967705, 
-0.2859443426132202, 0.3731348514556885, -0.017282650294435396, 1707433165329696374, 
-0.24800348281860352, 0.5078822374343872, -0.008022423564543373, 1707433165338833181, 
-0.03720647096633911, 0.4380031228065491, 0.004386337092029014, 1707433165348873483, 
0.06071949005126953, 0.2591543197631836, 0.00720977826445391, 1707433165361648862, 
0.31394946575164795, -0.04662048816680908, 0.004714665873860257, 1707433165368865537, 
0.19202256202697754, -0.3409881591796875, -0.00770706016814078, 1707433165378897067, 
-0.14172977209091187, -0.46657103300094604, -0.015738162957308722, 1707433165388879105, 
-0.3169969916343689, -0.42937737703323364, -0.019312190012297857, 1707433165398974534, 
-0.07641607522964478, -0.2510960102081299, -0.015318280108471664, 1707433165409702696, 
0.21159255504608154, -0.08741182088851929, -0.006891885993754222, 1707433165418914936, 
0.029837727546691895, 0.05294597148895264, 0.005762752816499486, 1707433165429099761, 
0.0933186411857605, 0.17371565103530884, 0.01091573793707725, 1707433165442306629, 
-0.011219382286071777, 0.33826708793640137, 0.025767093734431337, 1707433165448954034, 
-0.20882534980773926, 0.39382606744766235, 0.018723741072216596, 1707433165459264008, 
-0.11161208152770996, 0.3144609332084656, 0.02100756968265882, 1707433165468964801, 
-0.12673348188400269, 0.11069226264953613, 0.017041407688767933, 1707433165479048394, 
0.004041790962219238, -0.20450085401535034, 0.004130390388614938, 1707433165489770545, 
0.05538064241409302, -0.35220539569854736, -0.01209121029942343, 1707433165499748043, 
0.15077155828475952, -0.3276139497756958, -0.02214761395966189, 1707433165510006939, 
0.15044951438903809, -0.23062092065811157, -0.02350741615111308, 1707433165521956110, 
-0.16644632816314697, -0.23078858852386475, -0.03694647760547441, 1707433165529709982, 
-0.22772526741027832, -0.11530762910842896, -0.024275385135499334, 1707433165539770323, 
-0.13878470659255981, 0.14255625009536743, -0.014389858895434699, 1707433165549717320, 
0.2170480489730835, 0.38057929277420044, 0.0011120183752648535, 1707433165559972302, 
0.10117220878601074, 0.34377866983413696, 0.016338178008513386, 1707433165569792968, 
-0.04356551170349121, 0.23570561408996582, 0.024109318482541154, 1707433165579775319, 
0.0739327073097229, 0.07975727319717407, 0.023944737498497386, 1707433165589851666, 
-0.02868187427520752, -0.09152072668075562, 0.01379815756204316, 1707433165601958968, 
-0.13389045000076294, -0.22696900367736816, 0.00505407062626805, 1707433165609744190, 
-0.12726593017578125, -0.2688732147216797, -0.006022671866349049, 1707433165620040417, 
0.06913769245147705, -0.22366809844970703, -0.011315452534251555, 1707433165629800582, 
0.014345288276672363, -0.1649383306503296, -0.011557876242459547, 1707433165639852867, 
-0.09167945384979248, -0.005551815032958984, -0.0077964347961699985, 1707433165650006565, 
0.04147118330001831, 0.171164870262146, -0.004802290882578986, 1707433165659829234, 
0.14719951152801514, 0.3033844828605652, -0.0004469007291089112, 1707433165669820075, 
0.08444279432296753, 0.30647599697113037, 0.0039115831161756895, 1707433165682349324, 
-0.021541178226470947, 0.19528359174728394, 0.013619322799639611, 1707433165689887257, 
0.1164589524269104, 0.05574214458465576, 0.014367232972070614, 1707433165700006892, 
0.04182624816894531, -0.15212172269821167, 0.013069431684691669, 1707433165709887492, 
-0.23553436994552612, -0.31860077381134033, 0.005435218395427051, 1707433165719962939, 
-0.13112837076187134, -0.32015174627304077, -0.0014626945921537415, 1707433165729946730, 
-0.03392231464385986, -0.22515356540679932, -0.00310251592027466, 1707433165739915279, 
-0.08967190980911255, -0.1419658064842224, 6.938850485937552e-05, 1707433165749930767, 
-0.10250061750411987, 0.011103391647338867, 0.003908036184677264, 1707433165762298641, 
0.261218786239624, 0.2809343934059143, 0.004155986070268746, 1707433165770083048, 
0.03833585977554321, 0.2993851900100708, -0.0020375275434602277, 1707433165780289693, 
0.0788223147392273, 0.23592060804367065, -0.003219444189091008, 1707433165789996730, 
0.21370452642440796, 0.10434257984161377, -0.0009647431079585579, 1707433165800043965, 
-0.03238445520401001, -0.11475425958633423, 0.003837285318842983, 1707433165810140587, 
-0.20711678266525269, -0.2848525047302246, 0.0050155272956393954, 1707433165820011316, 
-0.0518033504486084, -0.33978086709976196, 0.00016503962607392333, 1707433165829916661, 
0.06949931383132935, -0.23909473419189453, -0.0029748179321357196, 1707433165841991294, 
-0.12445557117462158, -0.09014159440994263, -0.006657083200272495, 1707433165849836656, 
-0.02976757287979126, 0.04942142963409424, -0.0036211505183066993, 1707433165859939289, 
0.13454055786132812, 0.16834980249404907, -0.001005094390162182, 1707433165870104733, 
-0.062216222286224365, 0.2660205364227295, 0.0022330332299956126, 1707433165879927576, 
-0.08381253480911255, 0.30121099948883057, 0.007487868865565519, 1707433165889988122, 
-0.05934882164001465, 0.3226814866065979, 0.01083472331272006, 1707433165899926657, 
0.09172934293746948, 0.14666390419006348, 0.011710471380055118, 1707433165910030646, 
0.0838937759399414, -0.10656797885894775, 0.011942420297682914, 1707433165922618487, 
0.07133132219314575, -0.31080305576324463, 0.021748408492537438, 1707433165930034137, 
0.13775479793548584, -0.3785178065299988, 0.010688038468495644, 1707433165940139838, 
-0.11225110292434692, -0.3990177512168884, 0.004250984122223767, 1707433165950567726, 
-0.24749934673309326, -0.24822288751602173, 0.00014740363731927805, 1707433165960028532, 
-0.15128207206726074, -0.022752821445465088, 0.0011311683978551164, 1707433165970021721, 
0.08304160833358765, 0.16243159770965576, 0.0032044464965417956, 1707433165980010346, 
0.018415212631225586, 0.30586516857147217, 0.0042535413362668195, 1707433165990028381, 
-0.06402772665023804, 0.4069351553916931, 0.007149980903296281, 1707433166001972745, 
0.11796826124191284, 0.32185667753219604, 0.015304165655232689, 1707433166010034279, 
-0.02752310037612915, 0.2682799696922302, 0.01341150510810336, 1707433166020081047, 
-0.3047165274620056, 0.03219926357269287, 0.013364716748498066, 1707433166030181256, 
-0.20457690954208374, -0.25533318519592285, 0.009910637903204171, 1707433166040069999, 
0.1928797960281372, -0.4032324552536011, 0.0022894103340484273, 1707433166050185338, 
0.2153642177581787, -0.4717388153076172, -0.006812252268872625, 1707433166060057037, 
0.2524715065956116, -0.3356572985649109, -0.01251470220728602, 1707433166070143667, 
0.21504372358322144, -0.16322219371795654, -0.01432667560090355, 1707433166081920698, 
-0.11052566766738892, -0.0002639889717102051, -0.024005641920548406, 1707433166090095592, 
-0.29875051975250244, 0.3256811499595642, -0.018027566264711664, 1707433166100098367, 
-0.11610782146453857, 0.44488322734832764, -0.012178545649840307, 1707433166110147104, 
0.24257886409759521, 0.43929576873779297, 0.0006223449606711633, 1707433166120136624, 
0.05844682455062866, 0.30324822664260864, 0.010240564734588694, 1707433166130149747, 
-0.2277466058731079, 0.05436885356903076, 0.01408061966974817, 1707433166140103005, 
-0.17862534523010254, -0.1906266212463379, 0.015100775779167649, 1707433166150112441, 
-0.20626384019851685, -0.3784404993057251, 0.007709721474167692, 1707433166162094969, 
-0.21361923217773438, -0.47829777002334595, 0.0015130390101457134, 1707433166170129431, 
0.27496272325515747, -0.33620548248291016, -0.0078101190127157815, 1707433166180190116, 
0.37878304719924927, -0.20553714036941528, -0.017992700386690926, 1707433166190197020, 
0.05399024486541748, -0.10204130411148071, -0.02016466324622967, 1707433166200190463, 
-0.24850386381149292, 0.22011518478393555, -0.017485332029819778, 1707433166210198754, 
-0.08792591094970703, 0.402072548866272, -0.012767729197071762, 1707433166220173533, 
0.21235960721969604, 0.4642450213432312, -0.004707651862348007, 1707433166230184471, 
0.051176249980926514, 0.36184102296829224, 0.005663283168435076, 1707433166242603803, 
0.01198434829711914, 0.1465531587600708, 0.024676688229535573, 1707433166250214529, 
-0.01739978790283203, -0.019328415393829346, 0.020474446261860773, 1707433166260448736, 
-0.09329932928085327, -0.25766056776046753, 0.018034038632618783, 1707433166270293510, 
-0.14754939079284668, -0.4604390263557434, 0.01770175775698938, 1707433166280308052, 
0.025433897972106934, -0.42234474420547485, 0.018740396110703897, 1707433166290320406, 
0.11760252714157104, -0.3058517575263977, 0.01610754085027311, 1707433166300291821, 
0.0442996621131897, -0.024821996688842773, 0.013093156211228243, 1707433166310494698, 
0.07680660486221313, 0.18928509950637817, 0.010525516064501559, 1707433166322147899, 
0.1813046932220459, 0.2562049627304077, 0.011715168762485535, 1707433166330348790, 
0.0032848715782165527, 0.332647442817688, 0.004825658381332649, 1707433166340445165, 
-0.08928132057189941, 0.311493456363678, -0.000657991711331278, 1707433166360426479, 
0.006711065769195557, 0.06983214616775513, -0.005648195278607885, 1707433166370490649, 
-0.03527480363845825, -0.3008515238761902, -0.006185210611486261, 1707433166380538082, 
-0.0570833683013916, -0.47956645488739014, -0.0035787059813034887, 1707433166390472783, 
0.056354820728302, -0.4412768483161926, 0.0016096458560894496, 1707433166401388811, 
0.007760286331176758, -0.3571488857269287, 0.008301789870202057, 1707433166410486146, 
-0.16310185194015503, -0.16622662544250488, 0.01048730761381905, 1707433166420688734, 
-0.04168599843978882, 0.03380143642425537, 0.010914218462483007, 1707433166432929647, 
0.13081085681915283, 0.2985723614692688, 0.012678002085255869, 1707433166440528809, 
-0.0011839866638183594, 0.4919899106025696, -0.00044096657121695605, 1707433166450649038, 
0.010513603687286377, 0.4854432940483093, -0.009961668516532617, 1707433166459588189, 
0.16510170698165894, 0.38593143224716187, -0.012415068957960062, 1707433166470585618, 
0.0742064118385315, 0.1343933343887329, -0.013901033687422494, 1707433166482297302, 
0.016664445400238037, -0.20835161209106445, -0.027233909040045332, 1707433166490610180, 
-0.10330945253372192, -0.48996543884277344, -0.0262339059909287, 1707433166500867806, 
0.09017395973205566, -0.5547075271606445, -0.018541926120285355, 1707433166513105244, 
0.1453678011894226, -0.47681814432144165, -0.020192813089816335, 1707433166520670130, 
0.07370609045028687, -0.28281062841415405, -0.008919435895569485, 1707433166530697267, 
0.08915793895721436, 0.021860361099243164, -0.006816194183462989, 1707433166540730832, 
-0.14160782098770142, 0.2564627528190613, -0.005261279767392184, 1707433166550692539, 
-0.20038968324661255, 0.40884047746658325, -0.0030744949848928076, 1707433166562443535, 
-0.07677567005157471, 0.504759669303894, -0.008784985632383443, 1707433166570735369, 
-0.01809448003768921, 0.4740559458732605, -0.011983830172071564, 1707433166580778864, 
0.10155284404754639, 0.2977105379104614, -0.009448673927396489, 1707433166592378382, 
0.008928835391998291, -0.060092806816101074, -0.005462484343017598, 1707433166600751600, 
-0.004494071006774902, -0.41783761978149414, 0.004380590500821077, 1707433166610945594, 
-0.04180288314819336, -0.542953610420227, 0.01630919832200225, 1707433166620843923, 
-0.21262240409851074, -0.4876363277435303, 0.02519886259061731, 1707433166630815432, 
-0.029305219650268555, -0.31673383712768555, 0.023926110854011022, 1707433166642177271, 
0.11414891481399536, -0.09415167570114136, 0.030723643798941727, 1707433166650840683, 
0.09183716773986816, 0.13188648223876953, 0.021794276102597356, 1707433166660857357, 
-0.06704658269882202, 0.3265687823295593, 0.008428477550645465, 1707433166673535467, 
0.09404957294464111, 0.4680817723274231, -0.004954981211061528, 1707433166680883436, 
0.18427717685699463, 0.4125821590423584, -0.014720108439744292, 1707433166690918866, 
0.0161973237991333, 0.29649293422698975, -0.01782471278948301, 1707433166700982598, 
-0.015758097171783447, 0.044005513191223145, -0.012546875228513983, 1707433166711029185, 
-0.10927397012710571, -0.2313355803489685, -0.004091007311851759, 1707433166722320046, 
-0.08254510164260864, -0.4390127658843994, 0.0026177699701922185, 1707433166731028763, 
0.21475613117218018, -0.40646082162857056, 0.005309723835573657, 1707433166741274308, 
0.23250460624694824, -0.1627826690673828, 0.0021830088707261272, 1707433166753855325, 
-0.12910419702529907, 0.0932544469833374, 0.00375268219681106, 1707433166761141423, 
-0.2929328680038452, 0.3472357392311096, 0.00575664019614256, 1707433166771452318, 
-0.26416897773742676, 0.5384162664413452, 0.00719304119460243, 1707433166781157436, 
0.026258885860443115, 0.4804500937461853, 0.0016846794067980804, 1707433166791067563, 
0.07917207479476929, 0.2741529941558838, -0.010547070130126937, 1707433166802052244, 
-0.0694776177406311, -0.03890341520309448, -0.0257042480164022, 1707433166811100435, 
-0.147236168384552, -0.2352355718612671, -0.029997804266912016, 1707433166821147899, 
-0.2792772054672241, -0.3887059688568115, -0.02657161464725264, 1707433166833893118, 
-0.38623589277267456, -0.564269483089447, -0.04239890142814956, 1707433166841137790, 
-0.11097592115402222, -0.43328332901000977, -0.0210718176859527, 1707433166851198204, 
0.3670017123222351, -0.15471458435058594, -0.009025529585826968, 1707433166861195574, 
0.30748552083969116, 0.06622326374053955, 0.004263316049656267, 1707433166871187837, 
0.08024144172668457, 0.3286786675453186, 0.010105797221842225, 1707433166882795177, 
0.18397051095962524, 0.4887690544128418, 0.00887702189766232, 1707433166891233113, 
0.13469994068145752, 0.4809856414794922, -0.0030911554429876066, 1707433166901260020, 
-0.042362987995147705, 0.38645654916763306, -0.009789926491402414, 1707433166914148430, 
0.04456895589828491, 0.23496204614639282, -0.021351900771114766, 1707433166921295567, 
0.2058585286140442, -0.033242225646972656, -0.008158130364771745, 1707433166931504615, 
-0.015067994594573975, -0.4199860095977783, -0.00098510353212576, 1707433166940390808, 
-0.2145754098892212, -0.6743495464324951, 0.0020968074416187776, 1707433166951359093, 
-0.010734617710113525, -0.5611292123794556, 0.007573353008756098, 1707433166962085376, 
0.02722156047821045, -0.3246740698814392, 0.014876716553836093, 1707433166970375812, 
-0.124553382396698, -0.051310598850250244, 0.014413676190321993, 1707433166980381376, 
-0.09646749496459961, 0.19126152992248535, 0.011912725392917338, 1707433166994261278, 
0.08235418796539307, 0.34578925371170044, 0.01710897659433072, 1707433167001435661, 
-0.01858997344970703, 0.47399622201919556, 0.004313289069065535, 1707433167011443587, 
-0.09221744537353516, 0.49361222982406616, -0.005179202222883871, 1707433167021504891, 
0.07293468713760376, 0.3741729259490967, -0.013672351289782397, 1707433167031497318, 
0.12059199810028076, 0.17980289459228516, -0.013431969418534183, 1707433167042436444, 
-0.10460150241851807, -0.21048301458358765, -0.013237696179325688, 1707433167051531154, 
-0.09252846240997314, -0.5184372067451477, -0.009744988147012953, 1707433167061706754, 
0.015594780445098877, -0.6106119155883789, -0.004038443150446326, 1707433167074430530, 
0.007602274417877197, -0.49373674392700195, -0.0005389308346291057, 1707433167081534456, 
0.025212228298187256, -0.21960610151290894, 0.00168878806515664, 1707433167091574839, 
0.057861149311065674, -0.0067678093910217285, 0.004283421580099912, 1707433167101658790, 
-0.06891244649887085, 0.19285964965820312, 0.006597991094803647, 1707433167110595116, 
-0.12566053867340088, 0.4701243042945862, 0.0014426854726007844, 1707433167122034864, 
0.15484356880187988, 0.5236640572547913, -0.005475887492345529, 1707433167131610207, 
0.3262752890586853, 0.40200215578079224, -0.013475591632915696, 1707433167140592752, 
0.0137367844581604, 0.24691569805145264, -0.013787666654745312, 1707433167153948817, 
-0.1778501272201538, -0.08364665508270264, -0.028011200653855293, 1707433167161838614, 
-0.1738429069519043, -0.3799601197242737, -0.02409288892276899, 1707433167171675989, 
-0.21261262893676758, -0.497031569480896, -0.022043915373819115, 1707433167181714396, 
-0.19779658317565918, -0.4604293704032898, -0.014235213546585305, 1707433167191703748, 
0.07817727327346802, -0.27228260040283203, -0.0014037946683662227, 1707433167202467774, 
0.2549245357513428, -0.10822039842605591, 0.009849991068260993, 1707433167211714237, 
0.048275768756866455, 0.10415953397750854, 0.013214601735844956, 1707433167221826481, 
-0.2141668200492859, 0.3526875972747803, 0.009756724965507885, 1707433167233907730, 
-0.13977593183517456, 0.4526703953742981, 0.008967694371917379, 1707433167241738799, 
0.047126710414886475, 0.4292528033256531, -0.0004025698708933602, 1707433167251825300, 
0.06919050216674805, 0.22701495885849, -0.005678364993938946, 1707433167261839623, 
0.05047297477722168, -0.041017770767211914, -0.005115210152330943, 1707433167271845862, 
0.06219857931137085, -0.21770572662353516, -0.0008394388060324065, 1707433167281953386, 
-0.15374040603637695, -0.3442786931991577, 0.003967446122978704, 1707433167291829165, 
-0.13131451606750488, -0.41600918769836426, 0.004387333956504579, 1707433167301865621, 
0.07091212272644043, -0.2493910789489746, 0.004039144321445618, 1707433167313974140, 
0.20320254564285278, -0.09033453464508057, 0.014256829304509767, 1707433167321870447, 
0.08898603916168213, 0.03436201810836792, 0.012413044634954786, 1707433167332215743, 
-0.02422875165939331, 0.148468017578125, 0.006635187777754979, 1707433167341946182, 
0.07249701023101807, 0.31655460596084595, -0.004157426496134687, 1707433167351990641, 
-0.036049842834472656, 0.3163052797317505, -0.012582475368333963, 1707433167362062359, 
-0.07876485586166382, 0.21177595853805542, -0.013810992929132522, 1707433167371993482, 
-0.026667296886444092, 0.08263933658599854, -0.009964964719363511, 1707433167381992740, 
-0.08309757709503174, -0.10897564888000488, -0.0028109939696266966, 1707433167394647204, 
-0.18510371446609497, -0.2703506350517273, 0.005978192563459924, 1707433167402034336, 
-0.18461185693740845, -0.3154871463775635, 0.011255341835015243, 1707433167412078909, 
0.08100908994674683, -0.2406432032585144, 0.016548334936362277, 1707433167422105170, 
0.21385610103607178, -0.08403217792510986, 0.019159816560320748, 1707433167432137124, 
0.014089345932006836, 0.006202638149261475, 0.018827387106206853, 1707433167442348565, 
-0.008173346519470215, 0.1380029320716858, 0.019654888880637413, 1707433167452140392, 
-0.052118122577667236, 0.2771252989768982, 0.01589316607455113, 1707433167462235471, 
-0.028885185718536377, 0.3284299373626709, 0.00872342563930014, 1707433167473924863, 
-0.004440665245056152, 0.23856163024902344, 0.0033693148741503714, 1707433167482135876, 
0.11266332864761353, 0.11661583185195923, -0.002499819395923073, 1707433167492245549, 
0.07634258270263672, -0.12866264581680298, -0.005620140259107285, 1707433167502313340, 
-0.18028801679611206, -0.29921162128448486, -0.011533650764247966, 1707433167512241951, 
-0.2036532163619995, -0.432284414768219, -0.021239419993574298, 1707433167521400686, 
-0.18129664659500122, -0.3486328125, -0.022934634948946576, 1707433167532238993, 
-0.043856143951416016, -0.13106191158294678, -0.02708035057708762, 1707433167542225194, 
0.16702675819396973, 0.01204007863998413, -0.019744156284434343, 1707433167554322033, 
0.2384091019630432, 0.20929306745529175, -0.017288018851822674, 1707433167562277034, 
0.17940360307693481, 0.32394903898239136, -0.0030352978502767355, 1707433167572363409, 
-0.1860303282737732, 0.40350019931793213, 0.0022349633137083535, 1707433167585033080, 
-0.20076626539230347, 0.3647673726081848, 0.003845660315794826, 1707433167592428539, 
0.09241253137588501, 0.23813468217849731, 0.006570014066175692, 1707433167602431874, 
0.24663352966308594, -0.026223063468933105, 0.01193821529525378, 1707433167612409852, 
0.07955348491668701, -0.3519185185432434, 0.009265201785703014, 1707433167622410787, 
-0.08662718534469604, -0.46677666902542114, 0.002963683002887552, 1707433167633994544, 
-0.04201638698577881, -0.43323516845703125, -0.005482192926678022, 1707433167641393245, 
-0.0651472806930542, -0.26466798782348633, -0.005621638476004545, 1707433167652519517, 
-0.15036791563034058, -0.12353014945983887, -0.0029210499868725644, 1707433167664977523, 
-0.07531023025512695, 0.042765915393829346, -0.004126759664889874, 1707433167672562924, 
0.08313888311386108, 0.26802295446395874, 0.0016647878461991306, 1707433167682538482, 
0.053368449211120605, 0.41602736711502075, 0.006907578721446087, 1707433167692663091, 
0.10323381423950195, 0.41235047578811646, 0.010349427220517437, 1707433167702562537, 
0.03475141525268555, 0.148481547832489, 0.009928015612468985, 1707433167714512202, 
-0.14877033233642578, -0.08942955732345581, 0.013953970206710827, 1707433167722661026, 
-0.09113991260528564, -0.352292537689209, 0.007942147967866573, 1707433167731623067, 
0.0184328556060791, -0.4446633458137512, -0.001427743989650233, 1707433167745204710, 
0.005408823490142822, -0.36824893951416016, -0.009113948939040706, 1707433167752600356, 
-0.12208688259124756, -0.19551759958267212, -0.006740527453609696, 1707433167762679028, 
-0.008590161800384521, -0.07078820466995239, -0.005810996913309297, 1707433167771703911, 
-0.08179950714111328, 0.055436670780181885, -0.0026466315813829192, 1707433167781589408, 
-0.1382926106452942, 0.29677361249923706, 5.2123004822398607e-05, 1707433167794065432, 
0.08586901426315308, 0.4070734977722168, 0.009959285072465263, 1707433167801629018, 
0.16603165864944458, 0.3631466031074524, 0.012599156180825572, 1707433167812680948, 
0.03799152374267578, 0.2551460862159729, 0.010961456659205908, 1707433167825427284, 
-0.05016958713531494, 0.06730860471725464, 0.01557697337972354, 1707433167832725344, 
0.03335225582122803, -0.17193937301635742, 0.005028601884042846, 1707433167842694491, 
0.028976738452911377, -0.34645068645477295, -0.0003040866573520301, 1707433167852871778, 
-0.022732257843017578, -0.393669068813324, -0.0062859711438972565, 1707433167862716952, 
0.05212974548339844, -0.3105804920196533, -0.012039224763991026, 1707433167874086780, 
-0.0368349552154541, -0.22601425647735596, -0.01705825406367749, 1707433167882756273, 
-0.16787922382354736, 0.03366750478744507, -0.010995481413357329, 1707433167892842012, 
-0.14687520265579224, 0.26565277576446533, -0.00445125670855697, 1707433167905860819, 
0.11662060022354126, 0.31338876485824585, -0.002171550071234603, 1707433167912869291, 
0.15347713232040405, 0.35260480642318726, -0.002015661049630449, 1707433167922861311, 
-0.013215899467468262, 0.2828536033630371, -0.005639418747182693, 1707433167932990804, 
0.1399649977684021, 0.12222433090209961, -0.0122137479385484, 1707433167942865741, 
0.1857590675354004, -0.12733829021453857, -0.01612165738354857, 1707433167954285114, 
-0.13317984342575073, -0.3643757700920105, -0.024444187210831077, 1707433167962901285, 
-0.2738685607910156, -0.4062553644180298, -0.02145840766558897, 1707433167972972317, 
-0.17497259378433228, -0.33001255989074707, -0.014424751135395859, 1707433167985775210, 
-0.015253067016601562, -0.18490761518478394, -0.01236932423793235, 1707433167993003210, 
-0.0380244255065918, 0.03154408931732178, 0.002729480890608187, 1707433168002999770, 
0.10763078927993774, 0.1488785743713379, 0.0074350720401530615, 1707433168013093137, 
0.21437478065490723, 0.23748451471328735, 0.004915506979518418, 1707433168022979288, 
-0.020516574382781982, 0.32696956396102905, 0.0010062354579617855, 1707433168034662302, 
-0.11181437969207764, 0.31459587812423706, -0.0017255732091667705, 1707433168043020560, 
-0.053061604499816895, 0.15917253494262695, -0.00404587344005304, 1707433168053083472, 
0.051598191261291504, -0.06938344240188599, -0.0052417000520314965, 1707433168065863919, 
-0.07936394214630127, -0.2903871536254883, -0.014303920060797568, 1707433168073143099, 
-0.061504364013671875, -0.31559813022613525, -0.013098318135433423, 1707433168083132294, 
0.05707073211669922, -0.2376585602760315, -0.012472167829160651, 1707433168093227414, 
0.0018006563186645508, -0.17493361234664917, -0.007907651135625034, 1707433168103172346, 
-0.006104230880737305, 0.005403459072113037, 0.004248112897422112, 1707433168113373978, 
-0.07508260011672974, 0.1694868803024292, 0.014734402793371853, 1707433168123172191, 
0.1017492413520813, 0.2475646734237671, 0.015990919713280476, 1707433168133213861, 
0.08196055889129639, 0.3028864860534668, 0.011228283153911427, 1707433168146118653, 
-0.022093534469604492, 0.25103431940078735, 0.017408190529122413, 1707433168153239626, 
0.05002635717391968, 0.14936941862106323, 0.008130623560882688, 1707433168163292715, 
-0.09801095724105835, -0.052491605281829834, 0.003929281938635805, 1707433168173301083, 
-0.17431002855300903, -0.2456161379814148, -0.0008565952812597921, 1707433168183246783, 
-0.1281108856201172, -0.3681965470314026, -0.005245581529434902, 1707433168193995786, 
-0.044030606746673584, -0.30605071783065796, -0.0055166477998313665, 1707433168203307686, 
-0.05519348382949829, -0.13018947839736938, 0.0038359484237742033, 1707433168213351390, 
0.02645397186279297, 0.04284787178039551, 0.009378674401291339, 1707433168226470359, 
0.16189253330230713, 0.0860755443572998, 0.022623100515389252, 1707433168232366214, 
0.09047865867614746, 0.16748571395874023, 0.010686084773496448, 1707433168242395020, 
-0.11000829935073853, 0.3681643605232239, 0.006859213868468234, 1707433168253435681, 
-0.07224297523498535, 0.3414580225944519, 0.006705769287243679, 1707433168262404567, 
0.03170621395111084, 0.1843523383140564, 0.0033868106063133416, 1707433168274001238, 
-0.04226440191268921, -0.07840311527252197, 0.004681757562565967, 1707433168282403014, 
-0.10110294818878174, -0.313795268535614, 0.003576766141207606, 1707433168293430287, 
0.08842533826828003, -0.35343027114868164, -0.001525270101546633, 1707433168305923452, 
0.11755996942520142, -0.318304181098938, -0.013875926003238401, 1707433168313449646, 
-0.09943658113479614, -0.21199679374694824, -0.016328675568078946, 1707433168323456334, 
-0.1571832299232483, -0.07595884799957275, -0.0187902982404857, 1707433168333596832, 
-0.11725246906280518, 0.17314261198043823, -0.01826105704081842, 1707433168343467679, 
0.02388089895248413, 0.3500722050666809, -0.013524621662092923, 1707433168354444691, 
0.19938939809799194, 0.36761724948883057, -0.010917549164752136, 1707433168363628395, 
0.27659308910369873, 0.23872756958007812, -0.0030568559695839524, 1707433168373624781, 
0.09612029790878296, 0.16732603311538696, 0.005788956988137186, 1707433168385890685, 
-0.25535160303115845, -0.022002696990966797, 0.018941027425641566, 1707433168393584317, 
-0.30878007411956787, -0.28018927574157715, 0.011374958363557399, 1707433168403563102, 
-0.05389833450317383, -0.40195876359939575, 0.004320599199860177, 1707433168413730949, 
0.21241962909698486, -0.3657110333442688, 0.002823401957552441, 1707433168423609682, 
0.12483614683151245, -0.20445823669433594, 0.004191293838442781, 1707433168434025413, 
-0.1143459677696228, 0.004547417163848877, 0.00438852685996351, 1707433168442642964, 
-0.1147606372833252, 0.1393936276435852, 4.405668695384811e-05, 1707433168452715785, 
-0.16502058506011963, 0.2244850993156433, -0.003019174127412264, 1707433168464816982, 
-0.05491846799850464, 0.2957165837287903, -0.008679973130137224, 1707433168473895862, 
0.06474494934082031, 0.3122783899307251, -0.011731201714137761, 1707433168483774371, 
0.22078478336334229, 0.2584574818611145, -0.008320615551577197, 1707433168493846528, 
0.11217010021209717, 0.06453418731689453, 0.0027697457288592495, 1707433168503933697, 
0.15269213914871216, -0.1954999566078186, 0.01649076623247832, 1707433168514028316, 
0.18133169412612915, -0.33751821517944336, 0.029801234554746293, 1707433168523722664, 
-0.07733005285263062, -0.37177205085754395, 0.033351202894496154, 1707433168533815134, 
-0.02428370714187622, -0.27711158990859985, 0.02470170518135571, 1707433168546350839, 
0.16574311256408691, -0.05730026960372925, 0.0299566271010797, 1707433168553830430, 
0.08520936965942383, 0.10299181938171387, 0.013747487695648907, 1707433168563932395, 
-0.06268107891082764, 0.26696914434432983, 0.0160649514971594, 1707433168573915664, 
-0.16647940874099731, 0.3775421380996704, 0.01819427123049575, 1707433168583914881, 
-0.11167824268341064, 0.40735793113708496, 0.014829890143141032, 1707433168594041834, 
-0.17579925060272217, 0.33732908964157104, 0.011971257384816997, 1707433168603929429, 
-0.1325506567955017, 0.09319329261779785, 0.00864672047056535, 1707433168613933335, 
0.04883307218551636, -0.26564323902130127, 0.003246355743055966, 1707433168625865147, 
0.13321352005004883, -0.43029457330703735, -0.00566924833553947, 1707433168634037707, 
-0.041072964668273926, -0.5380331873893738, -0.009246059943727255, 1707433168644244699, 
-0.14782536029815674, -0.473796010017395, -0.010151336814858265, 1707433168654120290, 
-0.024066686630249023, -0.23837977647781372, -0.011175568730248756, 1707433168664104961, 
0.06560873985290527, 0.29688161611557007, -0.011529453534163703, 1707433168674724975, 
0.17160332202911377, 0.39937251806259155, -0.016874621495979975, 1707433168684174184, 
0.005755722522735596, 0.4795560836791992, -0.021087917381080186, 1707433168694999494, 
-0.10506540536880493, 0.4942830801010132, -0.025622143360674785, 1707433168705948040, 
-0.1676713228225708, 0.30315864086151123, -0.03750648115156663, 1707433168714125254, 
0.07029426097869873, 0.02622389793395996, -0.027513855355863533, 1707433168724111319, 
0.11009371280670166, -0.3009573221206665, -0.019289845342088816, 1707433168734210018, 
-0.0006477832794189453, -0.5672637224197388, -0.012124144188015015, 1707433168744151328, 
0.2911350131034851, -0.5412264466285706, -0.008363142175421629, 1707433168754136865, 
0.35610634088516235, -0.3755478858947754, -0.009947642698740988, 1707433168764170670, 
-0.01664525270462036, -0.18916326761245728, -0.012549357016416957, 1707433168774272959, 
-0.20165479183197021, 0.10621583461761475, -0.012343763473103246, 1707433168786282914, 
-0.21627408266067505, 0.3170498013496399, -0.014121625935344778, 1707433168794907345, 
-0.17833244800567627, 0.47795337438583374, -0.011334096081167937, 1707433168805165179, 
-0.08198404312133789, 0.4961663484573364, -0.015533605375096972, 1707433168814334623, 
0.030132412910461426, 0.38559430837631226, -0.01345264622373861, 1707433168824896887, 
0.11937391757965088, 0.20692068338394165, -0.013013854758392188, 1707433168834974449, 
-0.17737001180648804, -0.11317002773284912, -0.007830046445582375, 1707433168844884461, 
-0.36214667558670044, -0.4317227602005005, 0.00021748820967452736, 1707433168854964242, 
-0.173733651638031, -0.48860591650009155, 0.004292596706592229, 1707433168866527202, 
0.1619921326637268, -0.3233128786087036, 0.014031085443076047, 1707433168874966439, 
0.24930399656295776, -0.19679194688796997, 0.022411679394067047, 1707433168885211665, 
0.12665486335754395, -0.05667930841445923, 0.023796166640070244, 1707433168896850820, 
0.11890733242034912, 0.09048861265182495, 0.02558668103617693, 1707433168904972740, 
0.008435070514678955, 0.25265592336654663, 0.006852334644373324, 1707433168915150473, 
0.08644729852676392, 0.4208064675331116, 0.0017197675919548054, 1707433168924951754, 
0.10710728168487549, 0.4151846766471863, 0.0038217836741259803, 1707433168935009549, 
0.027697503566741943, 0.2448304295539856, 0.003532268830738317, 1707433168945960759, 
-0.005589902400970459, -0.025899291038513184, 0.004312345196673735, 1707433168954996845, 
-0.10567271709442139, -0.2836983799934387, 0.0028357852522045996, 1707433168965028761, 
0.03629416227340698, -0.33848869800567627, 0.00016715446282402057, 1707433168976919393, 
0.07360750436782837, -0.30353862047195435, -0.003731219479178391, 1707433168985001274, 
-0.0920608639717102, -0.22653931379318237, -0.0019803385461723277, 1707433168995088506, 
-0.07611733675003052, -0.11082947254180908, 0.0038392754026956035, 1707433169004995976, 
-0.128334641456604, 0.08406198024749756, 0.008012853138393968, 1707433169015070696, 
-0.1453472375869751, 0.2861745357513428, 0.004892408762303634, 1707433169026083596, 
0.17313939332962036, 0.3376308083534241, -0.007674431923886, 1707433169034985560, 
0.14561086893081665, 0.2749727964401245, -0.021804806519489354, 1707433169045173209, 
-0.0026163458824157715, 0.1339316964149475, -0.02433255706473447, 1707433169057125463, 
-0.16269981861114502, -0.03198421001434326, -0.0347968056309566, 1707433169065023228, 
-0.19515728950500488, -0.20530110597610474, -0.022549756230925214, 1707433169075094014, 
-0.04735398292541504, -0.37166768312454224, -0.01589056012537918, 1707433169085047088, 
0.016665339469909668, -0.3411632180213928, -0.0050598781430665155, 1707433169095289757, 
-0.01805126667022705, -0.1674884557723999, 0.00756156037828887, 1707433169105950766, 
0.12244361639022827, 0.023531079292297363, 0.01935091388855178, 1707433169115061256, 
0.045531272888183594, 0.14040690660476685, 0.020284442900127847, 1707433169125077454, 
-0.0220223069190979, 0.20911842584609985, 0.010284644733055168, 1707433169137540838, 
0.10521608591079712, 0.29842638969421387, -0.005524506278345558, 1707433169145035752, 
0.06965309381484985, 0.34411776065826416, -0.019657121720166322, 1707433169155243053, 
0.024035096168518066, 0.244870126247406, -0.028050018536195254, 1707433169165057876, 
0.08331090211868286, 0.042978763580322266, -0.025285580858170197, 1707433169175088216, 
0.1503695249557495, -0.22723788022994995, -0.014724488675833215, 1707433169186538271, 
0.09339237213134766, -0.40631991624832153, -0.010427413496108687, 1707433169195039696, 
-0.1645144820213318, -0.45453178882598877, 0.0006812163316580217, 1707433169205113613, 
-0.21613162755966187, -0.26514559984207153, 0.00856425763191918, 1707433169217622375, 
-0.09959077835083008, -0.013734817504882812, 0.025002091209400192, 1707433169225088422, 
-0.07038611173629761, 0.17123544216156006, 0.02269218799440419, 1707433169235182102, 
0.03775745630264282, 0.19257229566574097, 0.020781331217609247, 1707433169245208237, 
0.11006021499633789, 0.2995465397834778, 0.01292838892248415, 1707433169255126737, 
0.12165158987045288, 0.3859331011772156, -0.00035245970042891155, 1707433169265883635, 
-0.06153559684753418, 0.37933242321014404, -0.012439614941960846, 1707433169275135901, 
-0.16333389282226562, 0.18078863620758057, -0.016278869325707157, 1707433169285496744, 
-0.10050702095031738, -0.1034616231918335, -0.012688797244864065, 1707433169297897721, 
0.12657570838928223, -0.2998492121696472, -0.01277635129896575, 1707433169305259385, 
0.19981253147125244, -0.4466264247894287, -0.003010193024082993, 1707433169315277767, 
0.142828106880188, -0.43929415941238403, 0.0033320880284633068, 1707433169325272758, 
0.15756827592849731, -0.2819617986679077, 0.014370430393037295, 1707433169335348897, 
-0.12234961986541748, -0.03535276651382446, 0.023611103649333696, 1707433169346209341, 
-0.20842212438583374, 0.22375786304473877, 0.03195182886757958, 1707433169355221621, 
-0.028976142406463623, 0.35548287630081177, 0.020109330696305574, 1707433169365310995, 
0.044862210750579834, 0.40359753370285034, 0.0014154306438392908, 1707433169377304769, 
0.08310037851333618, 0.3936779499053955, -0.022380238759006486, 1707433169385314072, 
0.021893620491027832, 0.2500457763671875, -0.03401493961617728, 1707433169395304322, 
0.061173081398010254, -0.028253495693206787, -0.03996660049477332, 1707433169405313417, 
-0.06423097848892212, -0.24694406986236572, -0.04079122820608316, 1707433169415322752, 
-0.28843796253204346, -0.4661945700645447, -0.0376522139041144, 1707433169426289583, 
-0.16222691535949707, -0.5199321508407593, -0.03539406214532291, 1707433169435283617, 
0.07895392179489136, -0.3319571614265442, -0.012591126657056273, 1707433169445365085, 
0.10866421461105347, -0.1466594934463501, 0.00359229941456002, 1707433169457348514, 
-0.02585810422897339, 0.06899446249008179, 0.014692592494309032, 1707433169465322742, 
-0.07488471269607544, 0.34785622358322144, 0.008558189926660329, 1707433169475351048, 
-0.07505273818969727, 0.43900203704833984, 0.003321794944932385, 1707433169485328018, 
-0.06845748424530029, 0.4973515272140503, -0.001956952387369299, 1707433169495304938, 
0.1979272961616516, 0.3764418959617615, -0.008474533653642709, 1707433169506354914, 
0.17954349517822266, 0.13082808256149292, -0.018626680651514797, 1707433169515351783, 
-0.014461874961853027, -0.17982912063598633, -0.022652581579213595, 1707433169525329744, 
-0.24178117513656616, -0.3723929524421692, -0.02001167219185983, 1707433169537992702, 
-0.19457942247390747, -0.45199012756347656, -0.032166623272886254, 1707433169544381729, 
-0.04533034563064575, -0.3248719573020935, -0.007336537496469251, 1707433169554388292, 
-0.0374794602394104, -0.2148292064666748, 0.006781545462139581, 1707433169565447255, 
0.2240762710571289, -0.008065938949584961, 0.013337948869250996, 1707433169575454719, 
0.2968175411224365, 0.14356786012649536, 0.010734083467405035, 1707433169585945094, 
0.01629197597503662, 0.2347015142440796, 0.006306571570211837, 1707433169595440832, 
-0.14230650663375854, 0.36606907844543457, -0.004550203926963937, 1707433169605608958, 
0.016194164752960205, 0.44247204065322876, -0.01213170024935907, 1707433169618189745, 
0.14150470495224, 0.2876007556915283, -0.026380566258906713, 1707433169625558525, 
0.06026524305343628, -0.2655073404312134, -0.018507795360884056, 1707433169635787371, 
0.01810544729232788, -0.2751389741897583, -0.019473594260350478, 1707433169645782439, 
-0.16311591863632202, -0.32663846015930176, -0.016171200385554762, 1707433169655870766, 
-0.2703450918197632, -0.35576850175857544, -0.005673388192027483, 1707433169665955778, 
-0.23979949951171875, -0.15029221773147583, 0.008352096047980283, 1707433169675628210, 
-0.051155924797058105, 0.0763673186302185, 0.02420854658817059, 1707433169685765500, 
-0.039969801902770996, 0.2290768027305603, 0.03530074182340858, 1707433169697418475, 
-0.01693207025527954, 0.3209002614021301, 0.05965539966606128, 1707433169705623095, 
0.11222928762435913, 0.3608982563018799, 0.04246362774941135, 1707433169715673421, 
0.04581660032272339, 0.3228645324707031, 0.027237288441631393, 1707433169725694565, 
0.03080010414123535, 0.17443609237670898, 0.009221820255454448, 1707433169735724085, 
0.10701966285705566, -0.053862929344177246, -0.005441655694303518, 1707433169746055815, 
0.06469106674194336, -0.28009921312332153, -0.015792946797829485, 1707433169755668500, 
