x, y, th, stamp, 
0.3967434531250023, -3.340952800296604, 2.687878172858037, 4895219000000, 
0.3967434518267664, -3.3409527995866255, 2.6878781726670824, 4895253000000, 
0.396743471462371, -3.3409528092970886, 2.6878781723767915, 4895287000000, 
0.3967434738061861, -3.340952810426819, 2.687878172353804, 4895321000000, 
0.3957055749159551, -3.3404468867870905, 2.687790151411684, 4895355000000, 
0.394066039319277, -3.339648727282236, 2.6908151062833157, 4895389000000, 
0.3919261781331189, -3.338625705317056, 2.7037345973632916, 4895423000000, 
0.3891372654409243, -3.3373511487599083, 2.724501762673988, 4895457000000, 
0.38578778425217264, -3.335911265469155, 2.748969720835443, 4895491000000, 
0.3818822343204471, -3.3343589455744866, 2.7809047685054957, 4895525000000, 
0.37728536414037067, -3.332722834184731, 2.821256875108707, 4895559000000, 
0.3720726876426855, -3.3311167768623458, 2.8667234918576225, 4895593000000, 
0.36613877887314183, -3.3295985421971226, 2.918253845847985, 4895627000000, 
0.3595801173334412, -3.3283003281854007, 2.9770181093485952, 4895661000000, 
0.3529607496919934, -3.3274076288126184, 3.0393726033154036, 4895695000000, 
0.3462895012268668, -3.326914681489072, 3.0964459284455583, 4895729000000, 
0.33959425494393747, -3.326786986135733, -3.1330562525567767, 4895763000000, 
0.3329079957842383, -3.327027796061205, -3.075961894629002, 4895797000000, 
0.3262462739546355, -3.3276537139510936, -3.019064154808533, 4895831000000, 
0.3196201993352009, -3.328643754262739, -2.9665309721672806, 4895865000000, 
0.3130560190912646, -3.3299795566573156, -2.913162354882622, 4895899000000, 
0.3065758987452986, -3.3316687314693247, -2.8586515482212485, 4895933000000, 
0.3001889933616602, -3.3337010921604397, -2.807146078915999, 4895967000000, 
0.2939104640628801, -3.336055989190433, -2.7569374961489053, 4896001000000, 
0.2877568572907704, -3.338721604516847, -2.7069035043727974, 4896035000000, 
0.2817452222068061, -3.341692178232408, -2.6564382713372314, 4896069000000, 
0.2758883027535128, -3.344961396559815, -2.6069616007554677, 4896103000000, 
0.27019274026116985, -3.3485117200461563, -2.55945939678049, 4896137000000, 
0.26467350024920516, -3.3523284992223714, -2.5112012509112365, 4896171000000, 
0.2593458006483226, -3.3564086495804997, -2.4629352359188856, 4896205000000, 
0.2542126356195171, -3.3607379425614297, -2.4169427991651564, 4896239000000, 
0.2492833904484898, -3.365297815226995, -2.3706543445180825, 4896273000000, 
0.24457264823494945, -3.3700824406308265, -2.3240139694149793, 4896307000000, 
0.24008258195289614, -3.3750799716075646, -2.2793586701452, 4896341000000, 
0.2358164649573586, -3.380272304434331, -2.2354493866198406, 4896375000000, 
0.23178063445519764, -3.385646629713352, -2.19185153774317, 4896409000000, 
0.22798334060748432, -3.391191827548131, -2.1480062443480445, 4896443000000, 
0.22446922268700784, -3.396795793597366, -2.1043683644812763, 4896477000000, 
0.22124306948056774, -3.4025223102690134, -2.0602421568004097, 4896511000000, 
0.21827773257795943, -3.408377142868963, -2.0154135140967226, 4896545000000, 
0.21556946271102267, -3.414354064613553, -1.9717574234663302, 4896579000000, 
0.21310215974907978, -3.4204897528118865, -1.9297208382787636, 4896613000000, 
0.21089361573579357, -3.4267350634179996, -1.8873795916810665, 4896647000000, 
0.2089671216595837, -3.4330190081737597, -1.845093510244778, 4896681000000, 
0.20730388683782097, -3.439396393446447, -1.8036680152274676, 4896715000000, 
0.205905806636499, -3.445841311742163, -1.76216168550601, 4896749000000, 
0.20478117122888134, -3.452316636305454, -1.7210085338715695, 4896783000000, 
0.20391699062719457, -3.4588576521473655, -1.680881165758011, 4896817000000, 
0.20332470806519715, -3.46543466005194, -1.641300241239446, 4896851000000, 
0.20298238048337028, -3.472072952900561, -1.602564343933183, 4896885000000, 
0.20289444537041054, -3.4787605898224685, -1.5643054791988105, 4896919000000, 
0.20306220789737656, -3.4854125849018085, -1.5265530351912924, 4896953000000, 
0.20348088884867374, -3.492059737549542, -1.489268332137647, 4896987000000, 
0.20414109690817187, -3.4986372891778084, -1.4512064754987641, 4897021000000, 
0.20504954493853972, -3.505152799258181, -1.4127847834847935, 4897055000000, 
0.20620872791509018, -3.5116608652626917, -1.3757972867550419, 4897089000000, 
0.20760741273781963, -3.518132331379074, -1.3389097766574516, 4897123000000, 
0.20923808989611695, -3.5245191073150823, -1.3018013159858586, 4897157000000, 
0.21112638917179413, -3.5309159700581563, -1.2657390814873304, 4897191000000, 
0.21325791005886163, -3.537309099337763, -1.231685458799444, 4897225000000, 
0.2156011659647837, -3.543629510137535, -1.1986896194723755, 4897259000000, 
0.21815348026969802, -3.549865547187563, -1.1644909287414613, 4897293000000, 
0.22091788494653883, -3.556009643773186, -1.1304490571736314, 4897327000000, 
0.2238859957151412, -3.562060710366461, -1.0979552760129079, 4897361000000, 
0.22704819689821013, -3.568010940045405, -1.065117372270805, 4897395000000, 
0.23040531536307995, -3.5738519496363534, -1.0319252901103002, 4897429000000, 
0.23395230264523578, -3.5795817130848366, -0.9998891771642636, 4897463000000, 
0.23768011573835046, -3.5851954846611425, -0.9678923076197744, 4897497000000, 
0.24158654734735402, -3.590685787382478, -0.935645970350035, 4897531000000, 
0.24566703601809942, -3.5960504458638067, -0.9042753219959606, 4897565000000, 
0.2499134105648626, -3.601285345261446, -0.8729508594116479, 4897599000000, 
0.2543224806240166, -3.60638405802222, -0.8415124457523273, 4897633000000, 
0.258888963234728, -3.611344648629005, -0.8108703571535297, 4897667000000, 
0.2636050481429839, -3.616164624591501, -0.7805822675770928, 4897701000000, 
0.2684647884324212, -3.620840700619508, -0.7505156002502161, 4897735000000, 
0.2734630996046309, -3.6253683754092894, -0.720311683746906, 4897769000000, 
0.2785962196278174, -3.629743774853953, -0.6903753101593328, 4897803000000, 
0.28385755301882604, -3.633966746139173, -0.6611739861929979, 4897837000000, 
0.2892399121812736, -3.6380341647996675, -0.6317471770077719, 4897871000000, 
0.29474015887066535, -3.6419410395842786, -0.6023068598823479, 4897905000000, 
0.30035296904393954, -3.6456878203992438, -0.5736908142313762, 4897939000000, 
0.30607038793589914, -3.6492727616060163, -0.5449750253506924, 4897973000000, 
0.3118884945854543, -3.652691288436402, -0.5161414710882887, 4898007000000, 
0.3178025993369358, -3.655943550262926, -0.48804407329949123, 4898041000000, 
0.32380521809276613, -3.6590286718751392, -0.45993072542505514, 4898075000000, 
0.3298917645178246, -3.661942902046922, -0.43172749325517074, 4898109000000, 
0.3360579982701793, -3.6646866833948315, -0.4041925504906175, 4898143000000, 
0.3422972715986158, -3.6672605575701307, -0.3769340966925891, 4898177000000, 
0.34859184393817655, -3.669662658104978, -0.3498166378652244, 4898211000000, 
0.3549004351649405, -3.6718762471300983, -0.32206507279149793, 4898245000000, 
0.36122991737771576, -3.6738992855436456, -0.29370030146194404, 4898279000000, 
0.36762282564834525, -3.6757454607794875, -0.2659036905539723, 4898313000000, 
0.37407300526660764, -3.677414019280299, -0.23832930755245157, 4898347000000, 
0.3805566502146575, -3.6789013244161612, -0.21076461500153665, 4898381000000, 
0.3870880905748277, -3.680213874474818, -0.1835873157191908, 4898415000000, 
0.3936565037256331, -3.681346603309823, -0.15642005953811236, 4898449000000, 
0.4002420455306509, -3.6822995651675012, -0.1293667269469215, 4898483000000, 
0.4068645055084262, -3.683076231141129, -0.10275714762464727, 4898517000000, 
0.41352660386527224, -3.683678896442895, -0.07622413508922586, 4898551000000, 
0.4202541725285088, -3.6841084895355833, -0.05038955545644361, 4898585000000, 
0.42700415857457136, -3.684368672349212, -0.02579253589706409, 4898619000000, 
0.4337580706100494, -3.6844629499503085, -0.0010637874327280626, 4898653000000, 
0.4405115262204923, -3.684389649670826, 0.02382376506137892, 4898687000000, 
0.4472609472493247, -3.6841492945220335, 0.04852056870800134, 4898721000000, 
0.4539991002553977, -3.683742921500387, 0.07294375175336754, 4898755000000, 
0.4607002872804493, -3.683170449948807, 0.09726711987112363, 4898789000000, 
0.46734024100600885, -3.6824397367181922, 0.12236985802589936, 4898823000000, 
0.47393402989100053, -3.68154437552562, 0.1478847042591618, 4898857000000, 
0.4805188331288563, -3.6804709864298277, 0.1726706036927118, 4898891000000, 
0.48708049805482706, -3.6792405549752107, 0.19728083809394648, 4898925000000, 
0.49365024756875603, -3.6778434078464777, 0.2219387298218416, 4898959000000, 
0.5002247223968005, -3.676281305162932, 0.24516896928422102, 4898993000000, 
0.5067628325047104, -3.6745694504228217, 0.2680202698209832, 4899027000000, 
0.5132581462830703, -3.6727069990150256, 0.2915141698397522, 4899061000000, 
0.5197084805452512, -3.6706932493955247, 0.31462157893715254, 4899095000000, 
0.526111996150311, -3.6685325362986405, 0.33719058462977036, 4899129000000, 
0.5324651508628183, -3.666228584577861, 0.35969182955466766, 4899163000000, 
0.5387639571508788, -3.663781724998192, 0.3824466193886761, 4899197000000, 
0.5450058084578879, -3.661192327933608, 0.40497583592409864, 4899231000000, 
0.5511893718996002, -3.6584642050228218, 0.4270099755179576, 4899265000000, 
0.5573109991144292, -3.6556003187630064, 0.44923381158265085, 4899299000000, 
0.5633672664260965, -3.6526004352038606, 0.4714945731966646, 4899333000000, 
0.5693571549732774, -3.6494672376146644, 0.4932394343163059, 4899367000000, 
0.5752777876672414, -3.646204565311376, 0.5150307775407661, 4899401000000, 
0.5811257221946233, -3.6428129633464503, 0.5369088531168399, 4899435000000, 
0.5868994793272311, -3.6392951786944656, 0.5583501578320856, 4899469000000, 
0.5925966788531873, -3.635654857353108, 0.5797971221626144, 4899503000000, 
0.5982141594716598, -3.631892914332682, 0.601305545141101, 4899537000000, 
0.6037505285590209, -3.6280119155788966, 0.622422769140175, 4899571000000, 
0.6092044594728545, -3.62401512904511, 0.6433717070148274, 4899605000000, 
0.6145734389596635, -3.6199055571270455, 0.6642228396505525, 4899639000000, 
0.6198554864348959, -3.6156847870905997, 0.6851379004298357, 4899673000000, 
0.6250481330240858, -3.6113545955796402, 0.7059200265802835, 4899707000000, 
0.6301507503881351, -3.606918109383615, 0.7263502630596013, 4899741000000, 
0.6351614923183795, -3.6023782646791176, 0.7468904488910995, 4899775000000, 
0.6400776270028244, -3.5977360979123785, 0.7674327031719587, 4899809000000, 
0.6448986937341347, -3.5929941969456425, 0.7875726064694546, 4899843000000, 
0.6496238302421443, -3.5881556932765486, 0.8077626449723836, 4899877000000, 
0.654249986784355, -3.58322244782281, 0.8280158358147831, 4899911000000, 
0.6587766234729143, -3.578196868181185, 0.8478991041247317, 4899945000000, 
0.6632027373977715, -3.573082470465777, 0.867788870723879, 4899979000000, 
0.6675259587098823, -3.5678808444164534, 0.8877255594716705, 4900013000000, 
0.6717458948182794, -3.5625944711169435, 0.90732722159365, 4900047000000, 
0.6758619545292867, -3.557226500059384, 0.9267856368320292, 4900081000000, 
0.679873238234537, -3.551779810013061, 0.9461573329243161, 4900115000000, 
0.6837779560485093, -3.5462564443449676, 0.9655833171145963, 4900149000000, 
0.6875748914334436, -3.5406583326345182, 0.9848963582012689, 4900183000000, 
0.6912644181752645, -3.5349883119825245, 1.0039067505232289, 4900217000000, 
0.6948450822990914, -3.5292491983448215, 1.0230121637553822, 4900251000000, 
0.6983154796976242, -3.523442748014184, 1.0421171407168848, 4900285000000, 
0.7016755880908325, -3.5175710342100537, 1.0608785210175036, 4900319000000, 
0.7049244116246436, -3.511638897340949, 1.0796870280667201, 4900353000000, 
0.7080503599447898, -3.5056678492571636, 1.0986712283908986, 4900387000000, 
0.7110608673782541, -3.4996395492564085, 1.1176793596963126, 4900421000000, 
0.7139610278505892, -3.493546935354756, 1.1364528583027593, 4900455000000, 
0.7167544526442093, -3.4873843334745978, 1.1547643108234682, 4900489000000, 
0.7194350890976968, -3.48117097533111, 1.1729906537335677, 4900523000000, 
0.7220016536874918, -3.4749100886664026, 1.1913075148628802, 4900557000000, 
0.7244541460326044, -3.4686034933259347, 1.2093836445480028, 4900591000000, 
0.7267922372719955, -3.4622537955750334, 1.2274332219428867, 4900625000000, 
0.7290148549178331, -3.4558630347475128, 1.2454970978052364, 4900659000000, 
0.7311214504679637, -3.449440776438894, 1.2633444776463385, 4900693000000, 
0.7331088777443078, -3.4429917449464424, 1.2813948973686478, 4900727000000, 
0.734974077909539, -3.436523211495643, 1.2996333247604672, 4900761000000, 
0.7367244940776225, -3.4300130920812015, 1.3176201162149621, 4900795000000, 
0.7383619844929158, -3.4234554111110502, 1.335410634966423, 4900829000000, 
0.7398848963525342, -3.416860938238064, 1.352925949704963, 4900863000000, 
0.7412928933124066, -3.410240489302345, 1.3701853315785624, 4900897000000, 
0.7425865548737686, -3.4035970365462176, 1.387501354149285, 4900931000000, 
0.7437652595316292, -3.396932139052809, 1.4047033601866579, 4900965000000, 
0.7448296654180303, -3.390248157048623, 1.421868485285571, 4900999000000, 
0.745778859025757, -3.3835467240440305, 1.438990457856419, 4901033000000, 
0.7466144503921471, -3.376830031403318, 1.4559077623787768, 4901067000000, 
0.747336188386993, -3.370100161514314, 1.4728672490798929, 4901101000000, 
0.7479430628802575, -3.363364771833527, 1.489840328497273, 4901135000000, 
0.7484347949075417, -3.356632425404711, 1.5067421561181802, 4901169000000, 
0.7488127401326378, -3.349884574863319, 1.523750681448264, 4901203000000, 
0.7490764791307905, -3.343120508249986, 1.5405074152951315, 4901237000000, 
0.7492281430987844, -3.3363517239446763, 1.5568647413300087, 4901271000000, 
0.7492693839690812, -3.3295821220416264, 1.5734063299831107, 4901305000000, 
0.7491975375315956, -3.322812732380454, 1.59002193862384, 4901339000000, 
0.7490150051239253, -3.316045394274951, 1.6062962953160718, 4901373000000, 
0.748722291269237, -3.3092814620566595, 1.6224773792410616, 4901407000000, 
0.7483207735610788, -3.3025236628763404, 1.638659958457543, 4901441000000, 
0.7478094401484883, -3.2957730940418286, 1.654863424680933, 4901475000000, 
0.7471893655611539, -3.2890408906443604, 1.67099112070904, 4901509000000, 
0.746461365764201, -3.2823246711312506, 1.6870988466836694, 4901543000000, 
0.7456239465545402, -3.275611125546461, 1.7032855725133489, 4901577000000, 
0.7446780888760488, -3.26890657561915, 1.719181531109546, 4901611000000, 
0.7436269789198885, -3.262217251575341, 1.7347983322748595, 4901645000000, 
0.7424711236754161, -3.2555451511402316, 1.7505145914675688, 4901679000000, 
0.7412110589152432, -3.2488922596935357, 1.7661634415045602, 4901713000000, 
0.7398472813728921, -3.2422596992413606, 1.7817452498020119, 4901747000000, 
0.7383800850102633, -3.235648995202213, 1.7972861108825484, 4901781000000, 
0.7368113466563635, -3.229061802944619, 1.8126811857467708, 4901815000000, 
0.7351410664102515, -3.2224994370753626, 1.8281050213909122, 4901849000000, 
0.7333698700673789, -3.215963642169811, 1.8435112825320277, 4901883000000, 
0.7314984852657861, -3.2094552557557385, 1.8587144440065397, 4901917000000, 
0.7295284506806939, -3.2029761092348, 1.8739487473414635, 4901951000000, 
0.7274599078448575, -3.1965277641877354, 1.889196456872426, 4901985000000, 
0.7252937441252085, -3.1901109744998815, 1.90423417818274, 4902019000000, 
0.7230314133805742, -3.183727442940091, 1.9192877253655711, 4902053000000, 
0.7206728462259091, -3.1773787656100945, 1.934362771514504, 4902087000000, 
0.7182196223651205, -3.171065890665159, 1.9492402804747149, 4902121000000, 
0.7156725305223436, -3.1647902457923425, 1.964128425583817, 4902155000000, 
0.7130327254404756, -3.1585533772091283, 1.9790387762839372, 4902189000000, 
0.710300199812447, -3.1523561176858594, 1.9937596034978102, 4902223000000, 
0.7074772836204082, -3.146199495327056, 2.0084015579351613, 4902257000000, 
0.70456457787074, -3.1400847854683795, 2.0229978183460395, 4902291000000, 
0.7015626181938349, -3.1340133959080236, 2.03762317045208, 4902325000000, 
0.6984723761823176, -3.1279863257275653, 2.0521832358679264, 4902359000000, 
0.6952946774665061, -3.1220044002478096, 2.0665699646112716, 4902393000000, 
0.692031651137888, -3.1160687783677727, 2.081008865049553, 4902427000000, 
0.6886826190646061, -3.1101811600790663, 2.095447489695047, 4902461000000, 
0.6852498887489082, -3.1043417111541687, 2.1096900865087083, 4902495000000, 
0.6817342384311686, -3.098551840198059, 2.1239572332473986, 4902529000000, 
0.6781359891014624, -3.092812969238544, 2.1382470549399337, 4902563000000, 
0.6744570223746337, -3.087125290279244, 2.1523549658745886, 4902597000000, 
0.6706978174029206, -3.081489978295428, 2.166392000702834, 4902631000000, 
0.66686039200978, -3.0759076465458257, 2.180388172185421, 4902665000000, 
0.6629447112600783, -3.070379779211973, 2.1944092500751755, 4902699000000, 
0.6589523272143141, -3.0649070103765705, 2.208368498376712, 4902733000000, 
0.6548839540013048, -3.0594899901497565, 2.22217372514848, 4902767000000, 
0.6507412742863499, -3.0541297130984018, 2.236025197096661, 4902801000000, 
0.6465242840959547, -3.0488275191775114, 2.249876394074445, 4902835000000, 
0.6422351071324306, -3.0435833908871333, 2.2635448808735457, 4902869000000, 
0.6378745638901774, -3.0383984539135525, 2.2772371696354567, 4902903000000, 
0.6334429696967683, -3.0332740615176266, 2.290950747494755, 4902937000000, 
0.6289420683867009, -3.0282102019783776, 2.304494450305493, 4902971000000, 
0.6243732528306305, -3.0232076491411535, 2.3180488671608703, 4903005000000, 
0.6197365263408404, -3.0182678032605836, 2.331619647536842, 4903039000000, 
0.6150332835684422, -3.013390842049175, 2.345033646090757, 4903073000000, 
0.6102652770029515, -3.0085772334267338, 2.35845213112909, 4903107000000, 
0.6054331471347039, -3.0038281748685183, 2.371887862998917, 4903141000000, 
0.600537392977789, -2.9991441944673523, 2.385171932959703, 4903175000000, 
0.5955804860887283, -2.9945250941447994, 2.3983923767983564, 4903209000000, 
0.59056270887455, -2.989971976918999, 2.411572467237764, 4903243000000, 
0.585485278824508, -2.985485538314073, 2.424774454396232, 4903277000000, 
0.5803494185927316, -2.981066131112171, 2.437926868877038, 4903311000000, 
0.5751555893304673, -2.9767143533313654, 2.4509383271315683, 4903345000000, 
0.5699058813747878, -2.9724303279718853, 2.4639915947350475, 4903379000000, 
0.564600181760327, -2.968215545019926, 2.477043425764729, 4903413000000, 
0.5592404759684684, -2.9640693467410024, 2.489935736190532, 4903447000000, 
0.5538274351887497, -2.9599928287301327, 2.502847556488269, 4903481000000, 
0.5483624171458844, -2.9559864494750467, 2.5157775058675598, 4903515000000, 
0.5428457942356696, -2.9520508166810844, 2.528558084113462, 4903549000000, 
0.5372796364277448, -2.9481857623716055, 2.541346622219589, 4903583000000, 
0.5316645463791642, -2.944392298930314, 2.5541514112128567, 4903617000000, 
0.5260013224126266, -2.9406706110109044, 2.5668167309028034, 4903651000000, 
0.5202911505399554, -2.937021031625878, 2.579424260805782, 4903685000000, 
0.514535831610617, -2.933443234716104, 2.5919938485454432, 4903719000000, 
0.50873598619141, -2.929938167924951, 2.6045851221975194, 4903753000000, 
0.5028921615807537, -2.92650657930878, 2.6171311062437574, 4903787000000, 
0.4970060731443993, -2.9231476917855534, 2.6295492797798476, 4903821000000, 
0.49107849148367855, -2.9198624880642763, 2.642003610448593, 4903855000000, 
0.48511033741914145, -2.91665148560503, 2.654459286651576, 4903889000000, 
0.4791028889952713, -2.9135141930897293, 2.666769566258523, 4903923000000, 
0.47305696664639346, -2.910451449474349, 2.6790965412343595, 4903957000000, 
0.4669740820369208, -2.9074631650642653, 2.6914390201617437, 4903991000000, 
0.4608544842676978, -2.9045500389506467, 2.703647469950309, 4904025000000, 
0.45469983156182864, -2.901711586159275, 2.715802727974572, 4904059000000, 
0.44851133028782725, -2.8989477649683923, 2.727925590839729, 4904093000000, 
0.44228973353615947, -2.8962593240159626, 2.74006743853406, 4904127000000, 
0.43603572917828565, -2.893646808368016, 2.752165084776884, 4904161000000, 
0.42975078450252385, -2.8911092518561037, 2.764146488031715, 4904195000000, 
0.423435712280804, -2.888647529674633, 2.7761607172706073, 4904229000000, 
0.41709142367298385, -2.886261984871447, 2.788175299716452, 4904263000000, 
0.4107190507546398, -2.883951993514452, 2.8000553265580708, 4904297000000, 
0.40431944076459103, -2.8817182551632428, 2.8119512107357476, 4904331000000, 
0.3978939834473043, -2.8795604638264813, 2.8238613240213404, 4904365000000, 
0.39144299130167715, -2.8774792712028923, 2.8356469211724433, 4904399000000, 
0.3849680100881102, -2.8754741565672854, 2.8474380539943622, 4904433000000, 
0.37846997154811596, -2.873545413949556, 2.8592420936498852, 4904467000000, 
0.37194947996221667, -2.8716931920536886, 2.870928340650212, 4904501000000, 
0.365407568531708, -2.8699174842018698, 2.882566070104846, 4904535000000, 
0.3588456644835908, -2.8682173662312183, 2.8941708579918943, 4904569000000, 
0.35226428696384876, -2.866593903614867, 2.90579403792502, 4904603000000, 
0.3456645712228897, -2.865046625762054, 2.917375963227746, 4904637000000, 
0.3390470916139142, -2.863575780870396, 2.928850372500646, 4904671000000, 
0.33241327334413795, -2.8621807447539065, 2.940357835882685, 4904705000000, 
0.32576377645177373, -2.860862339802442, 2.9518627020312787, 4904739000000, 
0.31909943637900245, -2.8596199424245863, 2.963245331723445, 4904773000000, 
0.3124213414468966, -2.8584537287848297, 2.9746427567272895, 4904807000000, 
0.30573057430417155, -2.8573634051385755, 2.9860540127736814, 4904841000000, 
0.29902761523817667, -2.8563492309256984, 2.997349765191133, 4904875000000, 
0.2923135758762391, -2.85541103420963, 3.0086511369519653, 4904909000000, 
0.2855894752706162, -2.8545487066927677, 3.019964641962558, 4904943000000, 
0.27885581027202455, -2.8537623496070768, 3.031170286799471, 4904977000000, 
0.27211372702835956, -2.853051288646648, 3.0423287859525234, 4905011000000, 
0.2653641102216132, -2.85241519507352, 3.05345883835104, 4905045000000, 
0.2586077430280699, -2.851854691788283, 3.0646063047537577, 4905079000000, 
0.25184560311869497, -2.851369128377538, 3.0757149082538766, 4905113000000, 
0.2450782935642156, -2.85095831627598, 3.0867255247101895, 4905147000000, 
0.23830686969039253, -2.850622322472208, 3.097765284824437, 4905181000000, 
0.23153219908408829, -2.8503608499997948, 3.108804577287657, 4905215000000, 
0.22475477210563796, -2.8501740958214388, 3.119731062192277, 4905249000000, 
0.21797579641063813, -2.8500608492806006, 3.130670240182673, 4905283000000, 
0.21119594631336866, -2.850022287441853, -3.1415651699162144, 4905317000000, 
0.20441588587943466, -2.85005745020468, -3.130719031811211, 4905351000000, 
0.19763665319699675, -2.8501662040842315, -3.11986965299218, 4905385000000, 
0.1908590531938978, -2.8503483772862714, -3.1090084829549935, 4905419000000, 
0.18408363991910234, -2.850603973953349, -3.0982462533908057, 4905453000000, 
0.17731127127612217, -2.850932521566713, -3.087525614110519, 4905487000000, 
0.17054273289645921, -2.8513335582799555, -3.0768332422831186, 4905521000000, 
0.16377894911230997, -2.851806837080847, -3.0661265012099927, 4905555000000, 
0.15702051810695242, -2.8523526121262726, -3.0554516590443503, 4905589000000, 
0.15026814843134997, -2.852970000246716, -3.0448699264937673, 4905623000000, 
0.14352271184673224, -2.853659084720125, -3.034260416446321, 4905657000000, 
0.13678496668493345, -2.8544193854944457, -3.0236515872767264, 4905691000000, 
0.13005541454646685, -2.85525121675105, -3.0131477695012356, 4905725000000, 
0.12333504488770372, -2.856153169121479, -3.002632230260342, 4905759000000, 
0.11662451197109625, -2.857126044833887, -2.9921041209867796, 4905793000000, 
0.10992440997028075, -2.8581692713574802, -2.9816753399982874, 4905827000000, 
0.10323550055630443, -2.8592820914100563, -2.971240838310133, 4905861000000, 
0.09655862746589029, -2.8604651199274285, -2.9607969072483757, 4905895000000, 
0.08989424154534546, -2.8617171017673475, -2.9504451273517893, 4905929000000, 
0.0832430618502412, -2.863038325241858, -2.940131551089712, 4905963000000, 
0.07660581616665836, -2.86442752523808, -2.9298430851280552, 4905997000000, 
0.06998326997095125, -2.865885476455845, -2.9195412323378873, 4906031000000, 
0.06337601033985019, -2.867411093175607, -2.9092702673154567, 4906065000000, 
0.05678458494695464, -2.869004470381228, -2.8990834204174347, 4906099000000, 
0.05020974621046931, -2.8706647281195443, -2.8888725570940883, 4906133000000, 
0.04365225704524413, -2.8723924705412283, -2.8786620740883313, 4906167000000, 
0.03711244093846749, -2.8741863590788377, -2.868549508260062, 4906201000000, 
0.030591142233885652, -2.8760464604689586, -2.8584240482115475, 4906235000000, 
0.02408904607346126, -2.877972640658643, -2.848289275334404, 4906269000000, 
0.017606557507374207, -2.8799642198170226, -2.8382447691047967, 4906303000000, 
0.011144401054237507, -2.882021003765824, -2.828196796801057, 4906337000000, 
0.004703293736452384, -2.8841426763810976, -2.818138153300656, 4906371000000, 
-0.001716438267628726, -2.886328528983017, -2.8081667582461654, 4906405000000, 
-0.008114026012803978, -2.888578621761655, -2.7981905808090723, 4906439000000, 
-0.01448881218859917, -2.8908921174741984, -2.788207844362674, 4906473000000, 
-0.020840404769666806, -2.8932690125622766, -2.778308003400269, 4906507000000, 
-0.027168228489124428, -2.89570878108698, -2.7684423647376217, 4906541000000, 
-0.03347179324424749, -2.898210475967516, -2.7586009269386564, 4906575000000, 
-0.039750333124220404, -2.900774496499245, -2.748747486265143, 4906609000000, 
-0.046003462232729685, -2.9033998251684032, -2.7389221943760735, 4906643000000, 
-0.05223071034652105, -2.9060864031146587, -2.729173244902684, 4906677000000, 
-0.05843137647664922, -2.9088338692641744, -2.7194030237783755, 4906711000000, 
-0.06460495317737583, -2.9116414270900406, -2.709632350161668, 4906745000000, 
-0.07075100547387594, -2.914509311149, -2.699951187915076, 4906779000000, 
-0.07686904313531764, -2.9174363331114974, -2.6902590419374244, 4906813000000, 
-0.08295829675282308, -2.9204228112081907, -2.6805571242972714, 4906847000000, 
-0.0890185528180251, -2.92346799910375, -2.670939313727473, 4906881000000, 
-0.09504930400359671, -2.9265710230764133, -2.6613167265553495, 4906915000000, 
-0.10104978230632526, -2.929732355572985, -2.651685740575334, 4906949000000, 
-0.10701988021326625, -2.9329507862679525, -2.642134779374502, 4906983000000, 
-0.11295888541136445, -2.9362263891784477, -2.63257924333769, 4907017000000, 
-0.11886636295708476, -2.939558400653331, -2.623017607519072, 4907051000000, 
-0.12474196866410617, -2.942946546150736, -2.61353267692644, 4907085000000, 
-0.13058519960238346, -2.946390487311673, -2.604079551222935, 4907119000000, 
-0.13639580568609552, -2.949889120806584, -2.5946477291336647, 4907153000000, 
-0.14217301428874005, -2.9534427435713555, -2.5852043279379453, 4907187000000, 
-0.1479165639884269, -2.9570505024489604, -2.5757863184621637, 4907221000000, 
-0.15362607735639852, -2.9607121833410597, -2.566440754295703, 4907255000000, 
-0.1593011002649276, -2.964427000670871, -2.557073073330763, 4907289000000, 
-0.16494091629461058, -2.9681951214127755, -2.547705755320572, 4907323000000, 
-0.1705455494537748, -2.9720155539797397, -2.5384209928433945, 4907357000000, 
-0.1761144789297322, -2.975887754782918, -2.5291260640422055, 4907391000000, 
-0.1816470128249364, -2.9798118614927223, -2.5198217887529912, 4907425000000, 
-0.18714318894611634, -2.9837868595177923, -2.5105957234354537, 4907459000000, 
-0.19260236429098523, -2.987812629089762, -2.5013661569213563, 4907493000000, 
-0.1980242072988011, -2.9918884060181927, -2.492128294395458, 4907527000000, 
-0.20340826817851465, -2.996014303920883, -2.482962867843121, 4907561000000, 
-0.20875457915786333, -3.0001889931914687, -2.4738271927048157, 4907595000000, 
-0.21406255792323864, -3.0044124147146203, -2.4647121700522745, 4907629000000, 
-0.21933175438819605, -3.0086841053352886, -2.455585789134703, 4907663000000, 
-0.2245616957648996, -3.0130038549873412, -2.4464836660200775, 4907697000000, 
-0.2297525126993084, -3.017370600909134, -2.4374478308474434, 4907731000000, 
-0.23490355509351915, -3.021784163070583, -2.428391947339661, 4907765000000, 
-0.24001429370991173, -3.026244392445798, -2.419336198682388, 4907799000000, 
-0.2450847093188181, -3.030750634952268, -2.4103571393635805, 4907833000000, 
-0.2501145954655271, -3.03530199060478, -2.401370113153835, 4907867000000, 
-0.25510317515300907, -3.039898651600573, -2.3923739805606625, 4907901000000, 
-0.26005058929679836, -3.0445397172144273, -2.383450416751436, 4907935000000, 
-0.2649562877537475, -3.0492249075887052, -2.3745237195381352, 4907969000000, 
-0.2698199892974344, -3.0539536037047172, -2.365589350112368, 4908003000000, 
-0.27464137937789446, -3.0587256387928474, -2.3567222855131695, 4908037000000, 
-0.27942039610869546, -3.063540151731313, -2.3478839525508817, 4908071000000, 
-0.28415687992961847, -3.0683964924266784, -2.3390637801393677, 4908105000000, 
-0.288850184792786, -3.073294622946579, -2.3302331005221535, 4908139000000, 
-0.2935000988945681, -3.0782340453581787, -2.32142558711105, 4908173000000, 
-0.29810674242317614, -3.08321395613474, -2.3126806875090087, 4908207000000, 
-0.3026694315494748, -3.0882341962883344, -2.3039172157167953, 4908241000000, 
-0.30718806981876173, -3.0932940712002606, -2.295153621806805, 4908275000000, 
-0.3116622123027108, -3.098393566789656, -2.286462615056629, 4908309000000, 
-0.3160920860292033, -3.1035314531781526, -2.2777625696022943, 4908343000000, 
-0.3204769876266615, -3.1087077442720688, -2.2690546097593125, 4908377000000, 
-0.32481670916978234, -3.1139221891742337, -2.260414098926192, 4908411000000, 
-0.3291116036889479, -3.1191736149197244, -2.251799635719811, 4908445000000, 
-0.333360996409943, -3.12446203833225, -2.2432023835497192, 4908479000000, 
-0.3375646913787814, -3.1297868609372315, -2.2345954723924426, 4908513000000, 
-0.34172264298554966, -3.1351474729300612, -2.2260109551807594, 4908547000000, 
-0.3458345225268864, -3.140543673144375, -2.217484819426856, 4908581000000, 
-0.34990009206365547, -3.1459748191713492, -2.2089410196072348, 4908615000000, 
-0.3539192943797237, -3.1514402779769997, -2.200398115202204, 4908649000000, 
-0.3578917358032811, -3.1569400427854353, -2.191922372013003, 4908683000000, 
-0.3618176341333511, -3.162473069487116, -2.183439119963725, 4908717000000, 
-0.36569617777163976, -3.168039434691724, -2.1749498016532836, 4908751000000, 
-0.3695277541481954, -3.173638340404711, -2.166523606515936, 4908785000000, 
-0.3733117771413804, -3.179269543027398, -2.1580945832015845, 4908819000000, 
-0.3770483802035897, -3.184932222461685, -2.149659328494559, 4908853000000, 
-0.38073722085582723, -3.19062631369571, -2.141283251549562, 4908887000000, 
-0.38437841489251323, -3.1963510216004405, -2.1329338087630383, 4908921000000, 
-0.38797160529401664, -3.202106075042416, -2.1246002609477297, 4908955000000, 
-0.39151688386628286, -3.2078906928193605, -2.1162574609642704, 4908989000000, 
-0.3950136231657574, -3.2137048858826667, -2.107934618007539, 4909023000000, 
-0.3984621864890404, -3.219547838273276, -2.0996685431349444, 4909057000000, 
-0.40186234014761163, -3.225419045286239, -2.091384647670441, 4909091000000, 
-0.4052136396117538, -3.231318274381441, -2.083100862365862, 4909125000000, 
-0.40851609429355423, -3.23724513273709, -2.0748820498855993, 4909159000000, 
-0.41176973023118585, -3.243198943079604, -2.066654943844739, 4909193000000, 
-0.41497439491361254, -3.249179182049678, -2.058422016875908, 4909227000000, 
-0.4181296942469116, -3.2551858054955587, -2.0502489763781546, 4909261000000, 
-0.42123611627252666, -3.261217800745443, -2.042073331438228, 4909295000000, 
-0.4242927810277089, -3.267275222481796, -2.033891604670408, 4909329000000, 
-0.42730023907897363, -3.2733572688332044, -2.0257675341577497, 4909363000000, 
-0.43025826914630777, -3.2794635774034693, -2.0176658870346063, 4909397000000, 
-0.4331667139285184, -3.285593710185604, -2.009579792614565, 4909431000000, 
-0.4360254107813542, -3.291747173675396, -2.001485684423592, 4909465000000, 
-0.4388344643635413, -3.297923476307692, -1.9934100554492415, 4909499000000, 
-0.44159357187895415, -3.3041223939139965, -1.9853870574616133, 4909533000000, 
-0.44430283712874563, -3.3103432391895686, -1.9773483176689293, 4909567000000, 
-0.44696205760005625, -3.316585600956987, -1.9693103533456233, 4909601000000, 
-0.44957120077665574, -3.3228491829705584, -1.9613321100665289, 4909635000000, 
-0.4521300645781552, -3.3291334811549906, -1.953346660000194, 4909669000000, 
-0.45463886178547197, -3.335437840149807, -1.9453553917487976, 4909703000000, 
-0.45709740215399836, -3.34176210154477, -1.9374201954411632, 4909737000000, 
-0.4595055317936781, -3.3481057499883673, -1.9294830728429224, 4909771000000, 
-0.46186339935006737, -3.3544682325763713, -1.9215401171586977, 4909805000000, 
-0.46417068827328106, -3.3608493612018426, -1.9136512166523023, 4909839000000, 
-0.4664276673231872, -3.3672485443527163, -1.9057834621736465, 4909873000000, 
-0.4686344228841616, -3.373665199615941, -1.8979322202897422, 4909907000000, 
-0.4707907770564116, -3.3800989638289627, -1.8900717910706701, 4909941000000, 
-0.47289648077793395, -3.3865495241081485, -1.8822287116900736, 4909975000000, 
-0.47495149766761285, -3.3930165306299216, -1.8744358097625171, 4910009000000, 
-0.4769563382894477, -3.399499170225946, -1.8666281849197655, 4910043000000, 
-0.47891027932431185, -3.405997382459894, -1.8588201010302785, 4910077000000, 
-0.4808137364533421, -3.412510633683947, -1.8510700888719218, 4910111000000, 
-0.48266647711612115, -3.419038577489798, -1.8433361458473236, 4910145000000, 
-0.48446908337749534, -3.4255805170385316, -1.835614892206112, 4910179000000, 
-0.48622077147904574, -3.4321363085212937, -1.827889064547711, 4910213000000, 
-0.4879219510041772, -3.438705359311622, -1.8201813407932723, 4910247000000, 
-0.4895726914194127, -3.445287365270181, -1.8125191182992717, 4910281000000, 
-0.49117288668198106, -3.4518818237174096, -1.8048428425355756, 4910315000000, 
-0.49272216165570637, -3.458488457220012, -1.7971683622217083, 4910349000000, 
-0.4942212675266266, -3.4651067034042637, -1.7895480850045968, 4910383000000, 
-0.4956696300951921, -3.4717362838890415, -1.781921164905597, 4910417000000, 
-0.4970676013908684, -3.4783766565267835, -1.7742888840788296, 4910451000000, 
-0.4984147903265171, -3.485027637837794, -1.7667083937267622, 4910485000000, 
-0.4997118739699438, -3.4916886035475536, -1.7591476346423978, 4910519000000, 
-0.5009583219436914, -3.498359279893483, -1.751599772390333, 4910553000000, 
-0.5021545303783865, -3.505039070330209, -1.7440448696463398, 4910587000000, 
-0.5033003142021977, -3.511727739558973, -1.7365067921958022, 4910621000000, 
-0.5043957581625806, -3.518424920161075, -1.7290139058969156, 4910655000000, 
-0.5054407301635413, -3.525130154684422, -1.7215076396347933, 4910689000000, 
-0.5064356109743938, -3.531842937559052, -1.7140018491624522, 4910723000000, 
-0.5073800956420078, -3.538563151667344, -1.706548254724585, 4910757000000, 
-0.5082745999313261, -3.545290162598646, -1.6990894425323144, 4910791000000, 
-0.5091186100889104, -3.5520237340213585, -1.6916241770022535, 4910825000000, 
-0.5099128829622241, -3.558763417169877, -1.6842085188318594, 4910859000000, 
-0.5106568569728676, -3.5655088769279266, -1.6767909773298502, 4910893000000, 
-0.5113509012582015, -3.5722595846559373, -1.6693686055573913, 4910927000000, 
-0.5119950452142032, -3.579015344814363, -1.6619922559067812, 4910961000000, 
-0.5125893648460678, -3.585775709823887, -1.6546352474390318, 4910995000000, 
-0.5131337574401114, -3.5925403192357304, -1.6472918325001564, 4911029000000, 
-0.5136287277942403, -3.599308638932025, -1.6399412791643935, 4911063000000, 
-0.5140739277509538, -3.606080474628718, -1.6326061175568976, 4911097000000, 
-0.5144694387724884, -3.6128554867393023, -1.6253138169199521, 4911131000000, 
-0.5148157232303222, -3.6196331845324528, -1.6180094997100845, 4911165000000, 
-0.5151122658473262, -3.6264132378449316, -1.6107058607964606, 4911199000000, 
-0.515359580363445, -3.6331953597314306, -1.6034513783314746, 4911233000000, 
-0.5155575517238319, -3.6399791034297446, -1.5961904977144499, 4911267000000, 
-0.5157062474729672, -3.6467640414919975, -1.5889252599517132, 4911301000000, 
-0.5158059731346948, -3.653549980166902, -1.5817068716957816, 4911335000000, 
-0.5158566069468744, -3.6603365276442643, -1.5745058241457655, 4911369000000, 
-0.5158585319304424, -3.6671232457157252, -1.5673171064508287, 4911403000000, 
-0.5158115601087095, -3.6739098427309904, -1.560121681147808, 4911437000000, 
-0.5157158911708575, -3.680695916386088, -1.552942281665372, 4911471000000, 
-0.5155716161025244, -3.6874812345656642, -1.545803485042341, 4911505000000, 
-0.5153786651921045, -3.6942653344894976, -1.5386522414261108, 4911539000000, 
-0.5151374508612387, -3.701047806075197, -1.531501883134451, 4911573000000, 
-0.5148478824056709, -3.7078285258942767, -1.5243990927873319, 4911607000000, 
-0.5145100785445046, -3.71460700789625, -1.5172901067899458, 4911641000000, 
-0.5141239287549573, -3.721382868723035, -1.5101766540610224, 4911675000000, 
-0.5136900247119975, -3.7281558984347303, -1.5031083706558728, 4911709000000, 
-0.5132082479901936, -3.7349257496970907, -1.4960572942889059, 4911743000000, 
-0.5126786659667294, -3.741692047283802, -1.489016719406983, 4911777000000, 
-0.5121014233834359, -3.7484544808251936, -1.481970436494493, 4911811000000, 
-0.5114767929331757, -3.755212692933752, -1.4749402490989707, 4911845000000, 
-0.5108047091552141, -3.7619664402698287, -1.4679481212486165, 4911879000000, 
-0.5100852130396658, -3.768715293102827, -1.4609436285232273, 4911913000000, 
-0.5093185925361867, -3.7754589123870934, -1.4539408248989654, 4911947000000, 
-0.508504958439944, -3.7821971131706102, -1.4469835763695107, 4911981000000, 
-0.5076444185246167, -3.7889294797210145, -1.4400199549617405, 4912015000000, 
-0.5067367584846848, -3.7956556655601643, -1.4330519579464436, 4912049000000, 
-0.5057827165424629, -3.802375475182629, -1.4261272646617895, 4912083000000, 
-0.50478195774939, -3.8090885820082656, -1.4192197386874577, 4912117000000, 
-0.5037350957304376, -3.815794612312481, -1.412322938699384, 4912151000000, 
-0.5026419560305749, -3.8224932541175933, -1.4054191282869404, 4912185000000, 
-0.5015024090034905, -3.829184200453667, -1.3985302496184326, 4912219000000, 
-0.500317209321409, -3.8358672637564695, -1.391679951359865, 4912253000000, 
-0.49908623075373426, -3.8425419845908837, -1.3848175861597574, 4912287000000, 
-0.49780924157368917, -3.849208135706812, -1.3779551521914906, 4912321000000, 
-0.4964869546508189, -3.8558654487957673, -1.3711371153729166, 4912355000000, 
-0.495118988711214, -3.8625135841778424, -1.3643143921931342, 4912389000000, 
-0.49370590691756566, -3.8691522544511208, -1.357486602251935, 4912423000000, 
-0.49224760818001184, -3.875781179706668, -1.3506997098600138, 4912457000000, 
-0.4907442983161072, -3.8824001037148443, -1.3439291376628495, 4912491000000, 
-0.4891961205807248, -3.8890087397278625, -1.33716921505476, 4912525000000, 
-0.4876035595291704, -3.8956067259134994, -1.3304033642775916, 4912559000000, 
-0.48596632927032957, -3.902193805379216, -1.323651138611059, 4912593000000, 
-0.48428463616762724, -3.9087697683940545, -1.3169352862430055, 4912627000000, 
-0.4825589726243361, -3.915334303831932, -1.3102087220369365, 4912661000000, 
-0.48078894487785173, -3.9218870658499605, -1.3034825720094003, 4912695000000, 
-0.4789753550363558, -3.928427902663097, -1.2967989196694079, 4912729000000, 
-0.47711783316523765, -3.934956482353918, -1.290127747948991, 4912763000000, 
-0.47521700208416545, -3.9414725901400844, -1.2834663018855814, 4912797000000, 
-0.4732728588748841, -3.947975846517793, -1.2768006331022537, 4912831000000, 
-0.4712853728803411, -3.9544660328954633, -1.2701478830944206, 4912865000000, 
-0.46925464098104375, -3.9609429066270767, -1.2635297967145427, 4912899000000, 
-0.46718133613647267, -3.9674062396990277, -1.256901465218251, 4912933000000, 
-0.46506516706331674, -3.973855645789092, -1.2502736392016938, 4912967000000, 
-0.4629063026782503, -3.9802909916577867, -1.2436862983245867, 4913001000000, 
-0.46070498908527285, -3.986711960091289, -1.2370942856713316, 4913035000000, 
-0.4584616094450172, -3.993118285990997, -1.2304982926477135, 4913069000000, 
-0.45617604468852385, -3.999509768414994, -1.2239408385409425, 4913103000000, 
-0.45384850817521344, -4.0058861049109895, -1.2173812761973177, 4913137000000, 
-0.45147931509843964, -4.012247060676293, -1.2108182676911592, 4913171000000, 
-0.4490683055681177, -4.018592403413034, -1.2042919004195038, 4913205000000, 
-0.4466163126278456, -4.024921987980825, -1.1977808298585084, 4913239000000, 
-0.4441229070801061, -4.031235440508461, -1.1912800068259248, 4913273000000, 
-0.441588669905355, -4.03753258400046, -1.1847737460784398, 4913307000000, 
-0.43901357229444077, -4.043813112975861, -1.1782794229792313, 4913341000000, 
-0.4363977850220018, -4.050076889557177, -1.1718187387188266, 4913375000000, 
-0.43374138289417796, -4.056323551693647, -1.1653481830408867, 4913409000000, 
-0.43104483257542453, -4.0625529617717655, -1.1588780476247844, 4913443000000, 
-0.4283080897042922, -4.06876488555114, -1.1524466120628196, 4913477000000, 
-0.4255313684196365, -4.074959060558824, -1.1460101456204772, 4913511000000, 
-0.4227146941351541, -4.081135181073, -1.1395701776558809, 4913545000000, 
-0.41985862602713225, -4.087293206354784, -1.1331672291576567, 4913579000000, 
-0.41696313301648413, -4.093432802900144, -1.1267621583139806, 4913613000000, 
-0.4140282209271574, -4.099553665296086, -1.1203533846610174, 4913647000000, 
-0.4110543605316751, -4.105655758186864, -1.1139800427191202, 4913681000000, 
-0.40804149987029326, -4.111738771979114, -1.107621063711022, 4913715000000, 
-0.404990318105996, -4.117802610115306, -1.101272653524001, 4913749000000, 
-0.401900632597768, -4.12384691368897, -1.094917794501699, 4913783000000, 
-0.39877248547520133, -4.12987144257446, -1.088574604052981, 4913817000000, 
-0.3956063066430885, -4.135876133365445, -1.082264665483392, 4913851000000, 
-0.3924024330156741, -4.141860732978545, -1.0759446682277838, 4913885000000, 
-0.38916071507287253, -4.147824934794914, -1.0696243642129688, 4913919000000, 
-0.38588128673827304, -4.153768585535802, -1.0633414771079164, 4913953000000, 
-0.3825648194885439, -4.159691651775873, -1.057069711188707, 4913987000000, 
-0.37921105432280267, -4.165593754950819, -1.050806316462865, 4914021000000, 
-0.3758206084187341, -4.17147481860507, -1.0445402853281855, 4914055000000, 
-0.372393305236002, -4.177334518098985, -1.038285230132132, 4914089000000, 
-0.36892933172775705, -4.183172698785166, -1.0320603606606658, 4914123000000, 
-0.3654292344261592, -4.188989255036541, -1.0258272012758662, 4914157000000, 
-0.36189296773947655, -4.194783867635407, -1.0195948677934654, 4914191000000, 
-0.3583206878002625, -4.200556440396289, -1.0133981142773423, 4914225000000, 
-0.3547125480387767, -4.206306674534655, -1.007196941073791, 4914259000000, 
-0.3510690250584045, -4.212034509475001, -1.0009926525870347, 4914293000000, 
-0.34739007191097176, -4.217739717128368, -0.9948223689335817, 4914327000000, 
-0.34367593616524733, -4.223422132350653, -0.988664782607832, 4914361000000, 
-0.3399268154736398, -4.229081552586372, -0.9825160272397755, 4914395000000, 
-0.3361431810624216, -4.2347178989785705, -0.9763626353358598, 4914429000000, 
-0.3323248709208689, -4.2403308513589595, -0.9702203022348734, 4914463000000, 
-0.32847210057938797, -4.245920295739674, -0.9641078261058135, 4914497000000, 
-0.3245852771309443, -4.251486086880965, -0.957986711930936, 4914531000000, 
-0.3206645515883813, -4.257028012153443, -0.9518660099371329, 4914565000000, 
-0.316709985699447, -4.2625459355662985, -0.9457800472975043, 4914599000000, 
-0.3127218223995028, -4.268039650528467, -0.9396897432800279, 4914633000000, 
-0.30870028516845127, -4.2735089790027665, -0.9335958219998872, 4914667000000, 
-0.30464553581819565, -4.278953809721258, -0.9275361827408759, 4914701000000, 
-0.30055800100725316, -4.284374069013379, -0.9214885163546811, 4914735000000, 
-0.29643772544974106, -4.289769517616762, -0.9154484654297464, 4914769000000, 
-0.292284799304776, -4.2951398860556, -0.9094043228640513, 4914803000000, 
-0.28809962745994794, -4.300485160614271, -0.9033716906377853, 4914837000000, 
-0.2838823640220807, -4.3058052031256455, -0.8973675479485156, 4914871000000, 
-0.27963319707113676, -4.3110997950722245, -0.8913541829821838, 4914905000000, 
-0.27535209527488125, -4.3163686160932055, -0.8853417409973255, 4914939000000, 
-0.27103965268281355, -4.3216118577792795, -0.8793633454368899, 4914973000000, 
-0.2666959242190523, -4.326829203033072, -0.8733802315940367, 4915007000000, 
-0.26232096657946635, -4.3320203989555095, -0.8673935157039778, 4915041000000, 
-0.25791498040409705, -4.337185366000147, -0.8614394024913556, 4915075000000, 
-0.25347855487720095, -4.342324176709828, -0.8554829380913291, 4915109000000, 
-0.24901138122549046, -4.347436326303151, -0.849523938086808, 4915143000000, 
-0.24451397835373093, -4.3525219567532885, -0.8435954761544322, 4915177000000, 
-0.23998644141906247, -4.357580832981594, -0.8376786710229183, 4915211000000, 
-0.235428994102873, -4.362612804679631, -0.8317704496721288, 4915245000000, 
-0.23084208037152223, -4.367617877539282, -0.8258579373999961, 4915279000000, 
-0.22622559085009886, -4.372595726219383, -0.8199554580293903, 4915313000000, 
-0.22157973848294274, -4.3775462731785275, -0.8140806378575011, 4915347000000, 
-0.2169049252902407, -4.382469444307171, -0.8081979474698557, 4915381000000, 
-0.21220130905494924, -4.387365077320572, -0.8023155701360467, 4915415000000, 
-0.20746896852672705, -4.392233049188668, -0.7964652152401819, 4915449000000, 
-0.2027081730499836, -4.39707319286275, -0.7906111512252533, 4915483000000, 
-0.19791911300959067, -4.401885367259632, -0.7847536295591184, 4915517000000, 
-0.19310200676633107, -4.406669538324317, -0.7789268519733319, 4915551000000, 
-0.18825719659649687, -4.411425637788075, -0.7730984689851204, 4915585000000, 
-0.18338469863795823, -4.416153362664471, -0.7672671937350557, 4915619000000, 
-0.17848470333573485, -4.4208526688736836, -0.7614649601613614, 4915653000000, 
-0.17355752668993482, -4.425523508295169, -0.755674494409721, 4915687000000, 
-0.16860338240863987, -4.430165761568536, -0.7498919357995423, 4915721000000, 
-0.16362249653233196, -4.43477929346393, -0.7441047908246632, 4915755000000, 
-0.15861508256576703, -4.439364000712964, -0.7383281882982486, 4915789000000, 
-0.1535811609410775, -4.443919682532317, -0.732577391564882, 4915823000000, 
-0.14852128275911908, -4.4484464387283325, -0.7268187133918648, 4915857000000, 
-0.14343530450343586, -4.452943876615236, -0.7210606743624096, 4915891000000, 
-0.13832352956950725, -4.457412064068052, -0.7153339277202339, 4915925000000, 
-0.13318624592461392, -4.461850895853702, -0.7096029446199363, 4915959000000, 
-0.12802368796695407, -4.466260271107676, -0.7038689734506118, 4915993000000, 
-0.12283590971905783, -4.470640048360681, -0.6981642559424283, 4916027000000, 
-0.1176231179241704, -4.474990080929639, -0.6924711319566723, 4916061000000, 
-0.11238583247119568, -4.479310564832401, -0.6867854137294541, 4916095000000, 
-0.1071240375842361, -4.483601173272775, -0.6810954246669664, 4916129000000, 
-0.10183778154798971, -4.487861683734952, -0.6754149219806893, 4916163000000, 
-0.0965275885367105, -4.492092379093718, -0.669760443691602, 4916197000000, 
-0.09119339207220171, -4.496292812969303, -0.6640981157607221, 4916231000000, 
-0.08583563654545563, -4.500463129557686, -0.6584361045873616, 4916265000000, 
-0.08045423090113202, -4.504603010205411, -0.6528038466224997, 4916299000000, 
-0.07504964157936768, -4.508712534663573, -0.6471679471571261, 4916333000000, 
-0.06962203201088236, -4.512791579138354, -0.6415288986495258, 4916367000000, 
-0.06417148208432152, -4.5168400210091235, -0.6359181161455013, 4916401000000, 
-0.05869825746983129, -4.520857789045848, -0.6303186116409983, 4916435000000, 
-0.05320262982473946, -4.524844887015706, -0.624725754218861, 4916469000000, 
-0.04768480498391871, -4.528801200644632, -0.6191291683209201, 4916503000000, 
-0.042145008216246595, -4.532726663084799, -0.6135428767317617, 4916537000000, 
-0.03658332758402183, -4.5366211446641955, -0.6079806045899554, 4916571000000, 
-0.03100008399420897, -4.540484584073031, -0.602410917293414, 4916605000000, 
-0.025395373189996222, -4.544316847608419, -0.5968414603584135, 4916639000000, 
-0.019769481802307056, -4.548118040017026, -0.5913015665398986, 4916673000000, 
-0.0141226521648588, -4.551888040526738, -0.5857577919247975, 4916707000000, 
-0.008454920621700468, -4.555626551506267, -0.5802109782936371, 4916741000000, 
-0.0027665885231140867, -4.559333733567938, -0.5746915318397625, 4916775000000, 
0.0029421880167883776, -4.563009413284251, -0.5691824592295871, 4916809000000, 
0.008671083847094673, -4.566653631626466, -0.56368040905077, 4916843000000, 
0.014419885664665847, -4.570266342690353, -0.5581744908763023, 4916877000000, 
0.020188534628014336, -4.573847322855667, -0.5526775311054437, 4916911000000, 
0.025976834860394003, -4.577396547290352, -0.5472046837595949, 4916945000000, 
0.031784404056843706, -4.580914152516026, -0.5417244527321381, 4916979000000, 
0.03761127426670323, -4.584399719761802, -0.5362454190473218, 4917013000000, 
0.043457046316608336, -4.587853570591923, -0.5307942853837369, 4917047000000, 
0.04932158300573853, -4.5912754770758895, -0.5253388613365128, 4917081000000, 
0.055204790042289044, -4.594665205302228, -0.5198809511052008, 4917115000000, 
0.06110630849588815, -4.598022995664512, -0.5144502688862757, 4917149000000, 
0.06702596696999577, -4.601348732930946, -0.5090176668879657, 4917183000000, 
0.07296363688385091, -4.604642216467299, -0.5035820422340408, 4917217000000, 
0.07891921190456985, -4.607903330361711, -0.4981720138237038, 4917251000000, 
0.08489220501442762, -4.611132399441179, -0.49277258240335947, 4917285000000, 
0.09088257792046332, -4.61432917245167, -0.487379800515905, 4917319000000, 
0.0968901653427804, -4.617493480232891, -0.4819830151335806, 4917353000000, 
0.10291466780758977, -4.620625446369778, -0.47659493515012824, 4917387000000, 
0.10895600791383774, -4.623724915434764, -0.47123037847624555, 4917421000000, 
0.11501388796522469, -4.626791907260663, -0.46585879637838645, 4917455000000, 
0.12108817233065067, -4.629826283511189, -0.46048736127992934, 4917489000000, 
0.1271786396051647, -4.6328281562533995, -0.45514292985312393, 4917523000000, 
0.13328504766902977, -4.635797389275257, -0.4497955956559375, 4917557000000, 
0.13940727952324158, -4.638733882909244, -0.4444445462034512, 4917591000000, 
0.1455450753348882, -4.641637775517805, -0.4391194413208651, 4917625000000, 
0.1516982895162056, -4.644508884008172, -0.43379354161401096, 4917659000000, 
0.15786671982222042, -4.647347156957121, -0.42846482794007856, 4917693000000, 
0.16405020194519696, -4.65015260481038, -0.4231600327719968, 4917727000000, 
0.17024849020064353, -4.652925211539229, -0.41785418503560834, 4917761000000, 
0.1764613667934428, -4.655664955369638, -0.4125464757923822, 4917795000000, 
0.18268868305845595, -4.658371797010637, -0.407262577698777, 4917829000000, 
0.1889302642266876, -4.661045649350019, -0.40198842982518607, 4917863000000, 
0.19518586743195848, -4.663686564113394, -0.3967212064367219, 4917897000000, 
0.20145529830674813, -4.666294467251066, -0.3914502784052132, 4917931000000, 
0.20773841475540838, -4.668869282279684, -0.3861872641326063, 4917965000000, 
0.2140349651322889, -4.671411169881365, -0.38094650319334544, 4917999000000, 
0.2203447170179546, -4.673919984756847, -0.3756997901164036, 4918033000000, 
0.22666754662307093, -4.676395668660421, -0.3704524642268171, 4918067000000, 
0.2330033159370939, -4.678838172424927, -0.365230825295691, 4918101000000, 
0.23935175059703367, -4.68124757124669, -0.360006488483905, 4918135000000, 
0.245712697674384, -4.683623740545871, -0.35477950197514513, 4918169000000, 
0.2520860089089003, -4.685966706974328, -0.34957646424999506, 4918203000000, 
0.2584713967487313, -4.688276613392813, -0.3443829280650715, 4918237000000, 
0.26486867543791287, -4.690553379691576, -0.3391957196558886, 4918271000000, 
0.2712777135701645, -4.69279683869033, -0.334005217568797, 4918305000000, 
0.27769832567956465, -4.695007010643306, -0.32882277458942316, 4918339000000, 
0.28413032481642236, -4.697183954384281, -0.3236617843968327, 4918373000000, 
0.29057348207687117, -4.69932764730092, -0.3184942443596597, 4918407000000, 
0.2970276072703689, -4.7014380852450435, -0.3133269847479132, 4918441000000, 
0.3034925469302309, -4.70351526480657, -0.3081848096282255, 4918475000000, 
0.3099681119406805, -4.705559093567709, -0.3030396045687081, 4918509000000, 
0.3164541149980713, -4.707569545335519, -0.29789173053106743, 4918543000000, 
0.3229504061873203, -4.7095466601414175, -0.29276735747888327, 4918577000000, 
0.3294567263552325, -4.71149054198184, -0.28764173946896693, 4918611000000, 
0.33597291397785084, -4.713400914580219, -0.2825140758980546, 4918645000000, 
0.3424987908884032, -4.715278092957341, -0.2774080108363953, 4918679000000, 
0.3490342024330878, -4.717121810551923, -0.27231163594194424, 4918713000000, 
0.3555789363422063, -4.718932235595653, -0.2672215590025881, 4918747000000, 
0.36213280791189745, -4.7207093433793705, -0.26212808303688234, 4918781000000, 
0.36869560171277027, -4.7224531737103, -0.25704215377569384, 4918815000000, 
0.3752672829252844, -4.724163459232154, -0.251977289395391, 4918849000000, 
0.3818474441310095, -4.72584062282177, -0.24690652165138866, 4918883000000, 
0.3884360688795818, -4.727484359168184, -0.2418356475929654, 4918917000000, 
0.39503299006058296, -4.729094695668253, -0.23678859879553105, 4918951000000, 
0.4016379497093001, -4.730671647983981, -0.23173907516110404, 4918985000000, 
0.4082507437502519, -4.73221538871201, -0.2266870558162253, 4919019000000, 
0.4148713051798824, -4.733725733451556, -0.22165739699989462, 4919053000000, 
0.42149940675415903, -4.735202676314755, -0.2166264313747805, 4919087000000, 
0.4281348181148475, -4.736646342810806, -0.21159342176537332, 4919121000000, 
0.43477750724099096, -4.73805651604705, -0.20658177172160425, 4919155000000, 
0.441427135468013, -4.739433612085352, -0.20157964204806456, 4919189000000, 
0.44808360162434424, -4.740777393061936, -0.19658277529501286, 4919223000000, 
0.45474672216402034, -4.742087785356354, -0.1915824497036105, 4919257000000, 
0.4614162736492125, -4.743364930210603, -0.18659033042496145, 4919291000000, 
0.4680921730476353, -4.744608785266646, -0.18161784881822468, 4919325000000, 
0.4747741849396136, -4.745819452794319, -0.17663935572873463, 4919359000000, 
0.48146206659977864, -4.746996879610873, -0.17166193420064166, 4919393000000, 
0.48815577280621575, -4.748141096969932, -0.16670685050550807, 4919427000000, 
0.4948550560246744, -4.749251997243217, -0.16174891292306634, 4919461000000, 
0.5015597475128339, -4.750329840447592, -0.15678890829170328, 4919495000000, 
0.5082697351784266, -4.751374392090697, -0.15185074852620625, 4919529000000, 
0.5149848164628765, -4.752385826089987, -0.14692114599794728, 4919563000000, 
0.521704815711296, -4.75336415566576, -0.1419968332878354, 4919597000000, 
0.5284295656219252, -4.754309433297957, -0.13706910067053552, 4919631000000, 
0.5351588583983825, -4.755221515603364, -0.13214922779447327, 4919665000000, 
0.5418926071276281, -4.7561006425951895, -0.12724848154819002, 4919699000000, 
0.5486305843122602, -4.7569466964259295, -0.12234154358862995, 4919733000000, 
0.5553726556138959, -4.757759525780962, -0.11743496577329417, 4919767000000, 
0.5621186005524293, -4.758539461008532, -0.11255132448343012, 4919801000000, 
0.5688683306973326, -4.759286494636439, -0.10767416863633797, 4919835000000, 
0.575621634423198, -4.760000591351561, -0.10280189815078494, 4919869000000, 
0.582378354367437, -4.760681628861712, -0.0979279545616685, 4919903000000, 
0.5891382565623934, -4.761329941799617, -0.09306133133241201, 4919937000000, 
0.5959013136270394, -4.761945407648261, -0.0882128733061237, 4919971000000, 
0.6026672755139479, -4.762528019972591, -0.08335866792280913, 4920005000000, 
0.6094359579923421, -4.763077702202927, -0.07850535774267345, 4920039000000, 
0.6162072684402933, -4.763594796943721, -0.0736738790905649, 4920073000000, 
0.6229810150248819, -4.764079124971385, -0.06883925942587728, 4920107000000, 
0.6297570320548274, -4.764530576300893, -0.06400232120423578, 4920141000000, 
0.6365351263958772, -4.764949340387834, -0.05918662547758206, 4920175000000, 
0.6433152233904531, -4.765335575935953, -0.054378820232170146, 4920209000000, 
0.6500971116625888, -4.765689173554375, -0.04957584533402737, 4920243000000, 
0.656880625260355, -4.7660100508446925, -0.04477007620348626, 4920277000000, 
0.6636655503506921, -4.766298446737138, -0.03997168394036966, 4920311000000, 
0.6704518704906638, -4.766554372649783, -0.03519147936184464, 4920345000000, 
0.6772393277118707, -4.7667778191339245, -0.03040550582204689, 4920379000000, 
0.6840277837139369, -4.7669686215924925, -0.025620115272637294, 4920413000000, 
0.6908170557905479, -4.767127214905878, -0.020856395968544855, 4920447000000, 
0.697607055041191, -4.767253358677354, -0.016089694796645626, 4920481000000, 
0.7043975863903112, -4.767347230012118, -0.011320855620318006, 4920515000000, 
0.7111884979209544, -4.7674088275056885, -0.006572458670973213, 4920549000000, 
0.7179796187485437, -4.767438105776213, -0.001823337124993205, 4920583000000, 
0.7247708091932034, -4.767435174095268, 0.002928327152833783, 4920617000000, 
0.7315619059505234, -4.7673998674410045, 0.007660904384115854, 4920651000000, 
0.7383527678456454, -4.767332693986273, 0.012385540230799906, 4920685000000, 
0.7451432266984083, -4.767233260445399, 0.017104629584199813, 4920719000000, 
0.7519331723025304, -4.7671017749570375, 0.021826989405739614, 4920753000000, 
0.7587224324731553, -4.7669383465046025, 0.026542786970305956, 4920787000000, 
0.7655108655054624, -4.766742782971452, 0.031240229620953755, 4920821000000, 
0.7722982912259486, -4.766515499613548, 0.03594306971113509, 4920855000000, 
0.7790845963498018, -4.766256227303003, 0.04064599805404968, 4920889000000, 
0.785869650863876, -4.765965021908224, 0.04532822210042123, 4920923000000, 
0.7926532550423999, -4.765642118500505, 0.05000376817478338, 4920957000000, 
0.7994353122025177, -4.7652876411298015, 0.054675037686540695, 4920991000000, 
0.8062156530869194, -4.764901326984647, 0.05934808919974084, 4921025000000, 
0.8129941372189998, -4.764483552485801, 0.06401426267496686, 4921059000000, 
0.8197706433047234, -4.764034060454746, 0.0686637625920422, 4921093000000, 
0.82654496124466, -4.763553098785998, 0.07331844631939353, 4921127000000, 
0.8333169745186626, -4.763040689267737, 0.07797272553535367, 4921161000000, 
0.8400865793957566, -4.762496684894726, 0.08260704414075422, 4921195000000, 
0.8468536043766715, -4.761921458733739, 0.08723550676909615, 4921229000000, 
0.8536178961576106, -4.761314875628584, 0.09185885008959084, 4921263000000, 
0.8603792993096523, -4.7606769800286255, 0.09648440981913417, 4921297000000, 
0.8671376711897761, -4.760007760584307, 0.10110361940146056, 4921331000000, 
0.8738928975869763, -4.759307521020978, 0.10570624782475455, 4921365000000, 
0.8806448069061175, -4.758576064752599, 0.11031380817213968, 4921399000000, 
0.8873932810188947, -4.757813609687875, 0.11492100936292682, 4921433000000, 
0.8941382154418278, -4.75702006478693, 0.11950804812784438, 4921467000000, 
0.9008794430331777, -4.7561956012713, 0.12409751341534081, 4921501000000, 
0.9076168056395169, -4.755340189545368, 0.12868940785781413, 4921535000000, 
0.9143502282055616, -4.754453924004577, 0.13326198309351958, 4921569000000, 
0.9210795109026108, -4.753536992644918, 0.13783568760515613, 4921603000000, 
0.9278045293769169, -4.7525892376903, 0.14241157638425248, 4921637000000, 
0.9345251788113608, -4.751610654515717, 0.14696966490690813, 4921671000000, 
0.9412413457025972, -4.750601587476641, 0.15152005568901092, 4921705000000, 
0.947952829758804, -4.74956200126739, 0.15606569588971506, 4921739000000, 
0.9546595273848624, -4.748491870465478, 0.16061440313046713, 4921773000000, 
0.9613612896551158, -4.747391097503594, 0.1651568177101492, 4921807000000, 
0.9680580630115254, -4.746260123227593, 0.16968239013795527, 4921841000000, 
0.9747496056335123, -4.745098816014636, 0.17421310010890237, 4921875000000, 
0.9814358241876522, -4.743907126071212, 0.17874379336901902, 4921909000000, 
0.9881166324173155, -4.74268514632498, 0.18325486239397826, 4921943000000, 
0.994791859703822, -4.7414332266694315, 0.18776817127558162, 4921977000000, 
1.0014613491418374, -4.740151130316395, 0.19228364882567375, 4922011000000, 
1.0081250281405008, -4.738838904056092, 0.19678104992053502, 4922045000000, 
1.0147827725245575, -4.7374967768945195, 0.20127896117325775, 4922079000000, 
1.0214343679321314, -4.736124797051468, 0.20577881922150684, 4922113000000, 
1.0280797754011035, -4.734722912394754, 0.21026176653833717, 4922147000000, 
1.0347188436747077, -4.733291158711208, 0.2147375808735748, 4922181000000, 
1.0413514785927536, -4.731829893340557, 0.21920834739029474, 4922215000000, 
1.0479774999890927, -4.730338880289555, 0.22368193882378942, 4922249000000, 
1.054596802570589, -4.728818228071075, 0.22814967905014782, 4922283000000, 
1.0612092646892048, -4.727268132345979, 0.23260128492561988, 4922317000000, 
1.06781474543622, -4.725688443827424, 0.2370577812084631, 4922351000000, 
1.074413090945594, -4.724079528541222, 0.24151411799221598, 4922385000000, 
1.0810042235037538, -4.722441114436361, 0.24595213425842086, 4922419000000, 
1.0875880586746656, -4.720773600599266, 0.2503920596211269, 4922453000000, 
1.094164412686333, -4.7190768225524815, 0.2548335245536109, 4922487000000, 
1.1007332099100595, -4.717350865469801, 0.25925751792250695, 4922521000000, 
1.1072943152880124, -4.715595871223368, 0.26368249570324087, 4922555000000, 
1.1138475852148153, -4.713811837715704, 0.26810918964142066, 4922589000000, 
1.1203929134003188, -4.711998883815684, 0.2725192948084605, 4922623000000, 
1.1269302442034175, -4.7101571763658425, 0.2769225223659535, 4922657000000, 
1.1334594096125006, -4.708286682990827, 0.2813209632872352, 4922691000000, 
1.1399802761072455, -4.706387444197185, 0.285722050256294, 4922725000000, 
1.1464927380829935, -4.704459516657343, 0.2901175885743254, 4922759000000, 
1.1529967095691436, -4.7025030099487894, 0.2944976860050448, 4922793000000, 
1.1594920214969366, -4.700518048966131, 0.29888247057789974, 4922827000000, 
1.1659786022303913, -4.698504711144687, 0.3032666975179415, 4922861000000, 
1.172456286851303, -4.696462833221419, 0.3076332383919271, 4922895000000, 
1.1789250174542067, -4.6943928260183005, 0.3120018305260835, 4922929000000, 
1.185384595212607, -4.6922945396234494, 0.3163726118297847, 4922963000000, 
1.1918349927591976, -4.690168077529831, 0.32072569816019103, 4922997000000, 
1.1982760958040346, -4.688013545817551, 0.3250724000251038, 4923031000000, 
1.2047077885285011, -4.685831039237248, 0.3294148032447422, 4923065000000, 
1.2111299226184022, -4.6836206430675125, 0.3337596432389879, 4923099000000, 
1.2175424508079564, -4.681382438642521, 0.338098562074589, 4923133000000, 
1.223945228862258, -4.679116445213555, 0.3424227567950029, 4923167000000, 
1.2303381274215697, -4.676822697939283, 0.34675171248611897, 4923201000000, 
1.2367210597929852, -4.674501319598044, 0.3510800714088139, 4923235000000, 
1.2430939234320204, -4.672152459933878, 0.35539105592435394, 4923269000000, 
1.2494566249354904, -4.669776123818342, 0.35969717328086864, 4923303000000, 
1.255809021588224, -4.667372315134802, 0.3639992650621399, 4923337000000, 
1.2621510638013502, -4.664941312192342, 0.36830255046015964, 4923371000000, 
1.2684825733973102, -4.662483059492779, 0.37260050713948095, 4923405000000, 
1.274803512631705, -4.659997628419478, 0.3768843076921347, 4923439000000, 
1.281113698683225, -4.657485015857169, 0.3811721543248549, 4923473000000, 
1.2874131199715626, -4.654945569606863, 0.385459531765859, 4923507000000, 
1.293701613223681, -4.652379064805004, 0.3897297451851637, 4923541000000, 
1.2999790940070486, -4.6497857274787195, 0.39400216243881503, 4923575000000, 
1.3062454056430746, -4.647165540251791, 0.3982763014222922, 4923609000000, 
1.3125005335758577, -4.644518734515729, 0.40253383397153053, 4923643000000, 
1.3187443058851847, -4.641845329752739, 0.40679293876708983, 4923677000000, 
1.324976584760909, -4.639145218307814, 0.41105343381249865, 4923711000000, 
1.3311973795077932, -4.636418732557893, 0.4152986747437638, 4923745000000, 
1.3374065881023691, -4.633665905520782, 0.4195371775765207, 4923779000000, 
1.343604065102866, -4.630886728356553, 0.42377131138132784, 4923813000000, 
1.3497897176005098, -4.628081326945533, 0.42800803715672436, 4923847000000, 
1.355963444451637, -4.6252497383998445, 0.43223947007859975, 4923881000000, 
1.3621251725340942, -4.6223920736918735, 0.43645645984673026, 4923915000000, 
1.36827480901305, -4.619508522825481, 0.4406777847546548, 4923949000000, 
1.374412234258256, -4.616599051857443, 0.4448988217995516, 4923983000000, 
1.3805373517249375, -4.613663668590016, 0.4491030687804447, 4924017000000, 
1.3866500962053652, -4.6107025634533745, 0.45330241421464973, 4924051000000, 
